<?xml version="1.0" encoding="utf-8"?>
<openerp>
    <data noupdate="1">
        <record id="seq_type_employeeid_ref" model="ir.sequence.type">
            <field name="name">Default Employee ID Seq</field>
            <field name="code">employeeid.default.seq</field>
        </record>
        <record id="seq_employeeid_ref" model="ir.sequence">
            <field name="name">Default Employee ID Seq</field>
            <field name="code">employeeid.default.seq</field>
            <field name="prefix">%(y)s</field>
            <field name="padding">5</field>
        </record>
    </data>
</openerp>