<?xml version="1.0" encoding="utf-8" ?>
<openerp>
	<data noupdate="0">
		<template name="Theme Grace Homepage" id="website.homepage"
			page="True">
			<t t-call="website.layout">
				<div id="wrap" class="oe_structure">
					<section>
						<div id="myCarousel" class="carousel slide s_banner oe_custom_bg"
							data-interval="10000" style="height: auto;">
							<ol class="carousel-indicators">
								<li data-target="#myCarousel" data-slide-to="0" />
								<li data-target="#myCarousel" data-slide-to="1" class="active" />
							</ol>
							<div class="carousel-inner">
								<div class="item active">
									<img src="/theme_grace/static/src/img/banner_slideshow_image_1.jpg" />

								</div>
								<div class="item">
									<img src="/theme_grace/static/src/img/banner_slideshow_image_2.jpg" />
								</div>


							</div>
							<div class="carousel-control left" data-target="#myCarousel"
								data-slide="prev" style="width: 10%" data-cke-saved-href="#myCarousel">
								<i class="fa fa-chevron-left" style="" />
							</div>
							<div class="carousel-control right" data-target="#myCarousel"
								data-slide="next" style="width: 10%" data-cke-saved-href="#myCarousel">
								<i class="fa fa-chevron-right" style="" />
							</div>
						</div>
					</section>


					

					<section class="s_product_carousel mt48 mb48">
						<div class="container">
							<div class="js_get_objects" data-loading="true"
								data-template="snippet_product_carousel_73lines.product_list_template_header"
								data-object_name="product.template" data-custom_controller="1"
								data-objects_limit="8" data-filter_by_filter_id="14"
								data-objects_in_row="1" data-objects_in_slide="4" />
						</div>
					</section>




					<!-- Three Images -->
					<section class="mt64 mb64 ">
						<div class="container">
							<div class="row">
								<div class="col-md-12 col-sm-12" style="padding:0px;">
									<div class="col-md-7 col-sm-7" style="padding:0px;">
										<div class="image-item  ">
											<span class="img-animation ">
												<img class="img img-responsive"
													src="/theme_grace/static/src/img/home_three_img_2.png"></img>
											</span>
										</div>
									</div>

									<div class="col-md-5" style="padding:0px;">
										<div class="col-md-12" style="padding:1px;">
											<div class="image-item  ">
												<span class="img-animation">
													<img class="img img-responsive"
														src="/theme_grace/static/src/img/home_three_img_1.png"></img>
												</span>
											</div>
											<div class="image-item  ">
												<span class="img-animation">
													<img class="img img-responsive"
														src="/theme_grace/static/src/img/home_three_img_3.png"></img>
												</span>
											</div>
										</div>
									</div>
								</div>
							</div>
						</div>
					</section>

					<!-- Two Row Product Carosel -->

					<section class="s_product_carousel">
						<div class="container">
							<div class="js_get_objects" data-loading="true"
								data-template="snippet_product_carousel_73lines.product_list_template_header"
								data-objects_in_row="2" data-object_name="product.template"
								data-custom_controller="1" data-objects_limit="12"
								data-filter_by_filter_id="14" data-objects_in_slide="4" />
						</div>
					</section>

					<!-- Banner Image -->
					<section class="mt8 mb8" style="background-color:#ccc;">
						<div class="container">
							<div class="row">
								<img class="img img-responsive"
									src="/theme_grace/static/src/img/banner_footer_img.png" />
							</div>
						</div>
					</section>

					<!-- Blog Carousel -->
					<section class="s_blog_carousel">
						<div class="container">
							<div class="js_get_objects" data-loading="true"
								data-template="snippet_blog_carousel_73lines.blog_list_template_header"
								data-object_name="blog.post" data-custom_controller="1"
								data-filter_by_filter_id="12" data-objects_limit="8"
								data-objects_in_row="1" data-objects_in_slide="3" />
						</div>
					</section>


					<!--Brand Carousel -->
					<section class="s_brand_carousel">
						<div class="container">
							<div class="js_get_objects" data-loading="true"
								data-template="snippet_brand_carousel_73lines.brand_list_template_header"
								data-object_name="product.brand" data-filter_by_filter_id="18"
								data-objects_limit="12" />
						</div>
					</section>

					<!-- Shipping Block -->

					<section class="pros">
						<div class="container">

							<div class="col-md-4 col-sm-4 mb-xs-40">
								<i class="fa fa-truck"></i>
								Free worldwide shipping
							</div>

							<div class="col-md-4 col-sm-4 mb-xs-40">
								<i class="fa fa-refresh"></i>
								Free returns
							</div>

							<div class="col-md-4 col-sm-4">
								<i class="fa fa-mobile"></i>
								Call us: (1800) 122 8855
							</div>

						</div>

					</section>

				</div>
			</t>
		</template>
	</data>
</openerp>