<?xml version="1.0" encoding="UTF-8"?>
<openerp>
	<data noupdate="1">
		<!-- Navbar Menu Items -->

		<template id="navbar_menu_item" name="Navbar Menu Items">
			<li class="dropdown yamm-mw">
				<a class="dropdown-toggle" data-toggle="dropdown" href="#">
					<span> Medium Width Menu</span>
				</a>
				<ul class="dropdown-menu" role="menu">
					<div class="yamm-content">
						<div class="row">
							<div class="col-md-3 ">
								<h3>
									<strong>Section Title</strong>
								</h3>
								<ul class="list-unstyled">
									<li>List Item</li>
									<li>List Item</li>
									<li>List Item</li>
									<li>List Item</li>
									<li>List Item</li>
									<li>List Item</li>
								</ul>
							</div>
							<div class="col-md-3 ">
								<h3>
									<strong>Section Title</strong>
								</h3>
								<ul class="list-unstyled">
									<li>
										<a href="#"> Link Item </a>
									</li>
									<li>
										<a href="#"> Link Item </a>
									</li>
									<li>
										<a href="#"> Link Item </a>
									</li>
									<li>
										<a href="#"> Link Item </a>
									</li>
									<li>
										<a href="#"> Link Item </a>
									</li>
									<li>
										<a href="#"> Link Item </a>
									</li>
								</ul>
							</div>

							<div class="col-md-6 ">
								<ul class="list-unstyled">
									<li class="mt16">
										<iframe width="400" height="250"
											src="https://www.youtube.com/embed/6TJZOzq-ybw" frameborder="0"></iframe>
									</li>
								</ul>
							</div>

						</div>
					</div>
				</ul>
			</li>

			<li class="dropdown yamm-sw">
				<a class="dropdown-toggle" data-toggle="dropdown" href="#">
					<span> Small Width Menu</span>
				</a>
				<ul class="dropdown-menu" role="menu">
					<div class="yamm-content">
						<div class="row">
							<div class="col-md-4 ">
								<h3>
									<strong>Section Title</strong>
								</h3>
								<ul class="list-unstyled">
									<li>List Item</li>
									<li>List Item</li>
									<li>List Item</li>
									<li>List Item</li>
									<li>List Item</li>
									<li>List Item</li>
								</ul>
							</div>
							<div class="col-md-4 ">
								<h3>
									<strong>Section Title</strong>
								</h3>
								<ul class="list-unstyled">
									<li>
										<a href="#"> Link Item </a>
									</li>
									<li>
										<a href="#"> Link Item </a>
									</li>
									<li>
										<a href="#"> Link Item </a>
									</li>
									<li>
										<a href="#"> Link Item </a>
									</li>
									<li>
										<a href="#"> Link Item </a>
									</li>
									<li>
										<a href="#"> Link Item </a>
									</li>
								</ul>
							</div>
							<div class="col-md-4 ">
								<h3>
									<strong>Section Title</strong>
								</h3>
								<ul class="list-unstyled">
									<li>
										<a href="#"> Link Item </a>
									</li>
									<li>
										<a href="#"> Link Item </a>
									</li>
									<li>
										<a href="#"> Link Item </a>
									</li>
									<li>
										<a href="#"> Link Item </a>
									</li>
									<li>
										<a href="#"> Link Item </a>
									</li>
									<li>
										<a href="#"> Link Item </a>
									</li>
								</ul>
							</div>
						</div>
					</div>
				</ul>
			</li>
		</template>

	</data>
</openerp>