<?xml version="1.0" encoding="utf-8"?>
<openerp>
    <data>
 

        <!-- INHERITED SEARCH -->
        <record id="view_partner_person_filter" model="ir.ui.view">
            <field name="name">partner.person.select</field>
            <field name="model">res.partner</field>
            <field name="inherit_id" ref="base.view_res_partner_filter"/>
            <field name="arch" type="xml">
                <filter name="customer" position="before">
                    <filter string="Employee" name="employee" domain="[('employee','=',1)]" help="Employee Partners"/>
                </filter>                
            </field>
        </record>
 
        <!-- INHERITED FORM -->
        <record id="view_partner_person_form" model="ir.ui.view">
            <field name="name">partner.person.form</field>
            <field name="model">res.partner</field>
            <field name="inherit_id" ref="base.view_partner_form"/>
            <field name="arch" type="xml">
                <xpath expr="//page[@name='sales_purchases']//field[@name='supplier']" position="before">
                    <field name="employee"/>
                </xpath>
            </field>
        </record>

    </data>
</openerp>
<!-- vim:expandtab:smartindent:tabstop=4:softtabstop=4:shiftwidth=4
     -->
