<?xml version="1.0" encoding="UTF-8"?>

<openerp>
   <data noupdate="1">
    	
    	<record id="product_brand_1" model="product.brand">
            <field name="name">Adidas</field>
            <field name="brand_image" type="base64" file="theme_grace/static/src/img/brand_adidas.jpg"/>
        </record>
        
         <record id="product_brand_2" model="product.brand">
            <field name="name">Polo</field>
            <field name="brand_image" type="base64" file="theme_grace/static/src/img/brand_polo-logo.jpg"/>
        </record>
         
         <record id="product_brand_3" model="product.brand">
            <field name="name">Ray Ban</field>
            <field name="brand_image" type="base64" file="theme_grace/static/src/img/brand_ray-ban-logo.jpg"/>
        </record>
        
          <record id="product_brand_6" model="product.brand">
            <field name="name">Diesel</field>
            <field name="brand_image" type="base64" file="theme_grace/static/src/img/brand_diesel.png"/>
        </record>
        
         <record id="product_brand_7" model="product.brand">
            <field name="name">Lee</field>
            <field name="brand_image" type="base64" file="theme_grace/static/src/img/brand_lee-logo.png"/>
        </record>
        
        <record id="product_brand_8" model="product.brand">
            <field name="name">Fastrack</field>
            <field name="brand_image" type="base64" file="theme_grace/static/src/img/brand_fastrack-logo.jpg"/>
        </record>
        
        
        <record id="product_brand_10" model="product.brand">
            <field name="name">Puma</field>
            <field name="brand_image" type="base64" file="theme_grace/static/src/img/brand_puma_logo.jpg"/>
        </record>
        
    </data>
</openerp>