<?xml version="1.0" encoding="UTF-8"?>

<openerp>
	<data>
		<record id="menu_fashion" model="website.menu">
			<field name="name">Men</field>
			<field name="url">#</field>
			<field name="parent_id" ref="website.main_menu" />
			<field name="sequence" type="int">45</field>
			<field name="menu_size">fw</field>
			<field name="submenu_view"><![CDATA[
            <div class="row">
                            <div class="col-md-12 ">
                                <div class="col-md-6">
                                    <div class="col-md-4 col-sm-4">
                                        <ul class="pad0">
                                            <li>
                                                <a href="#">
                                                    <span>Footwear</span>
                                                </a>
                                                <ul>
                                                    <li>
                                                        <a href="#">
                                                            <span>Casual Shoes</span>
                                                        </a>
                                                    </li>
                                                    <li>
                                                        <a href="#">
                                                            <span>Sport Shoes</span>
                                                        </a>
                                                    </li>
                                                    <li>
                                                        <a href="#">
                                                            <span>Formal Shoes</span>
                                                        </a>
                                                    </li>
                                                    <li>
                                                        <a href="#">
                                                            <span>Boots</span>
                                                        </a>
                                                    </li>
                                                </ul>
                                            </li>
                                        </ul>
                                    </div>
                                    <div class="col-md-4 col-sm-4">
                                        <ul class="pad0">
                                            <li>
                                                <a href="#">
                                                    <span>Clothing</span>
                                                </a>
                                                <ul>
                                                    <li>
                                                        <a href="#">
                                                            <span>299 Store</span>
                                                        </a>
                                                    </li>
                                                    <li>
                                                        <a href="#">
                                                            <span>T-shirt</span>
                                                        </a>
                                                    </li>
                                                    <li>
                                                        <a href="#">
                                                            <span>Jeans</span>
                                                        </a>
                                                    </li>
                                                    <li>
                                                        <a href="#">
                                                            <span>Shirts</span>
                                                        </a>
                                                    </li>
                                                </ul>
                                            </li>
                                        </ul>
                                    </div>
                                    <div class="col-md-4 col-sm-4">
                                        <ul class="pad0">
                                            <li>
                                                <a href="#">
                                                    <span>Watches</span>
                                                </a>
                                                <ul>
                                                    <li>
                                                        <a href="#">
                                                            <span>499 Store</span>
                                                        </a>
                                                    </li>
                                                    <li>
                                                        <a href="#">
                                                            <span>Fastrack</span>
                                                        </a>
                                                    </li>
                                                    <li>
                                                        <a href="#">
                                                            <span>Casio</span>
                                                        </a>
                                                    </li>
                                                    <li>
                                                        <a href="#">
                                                            <span>Titan</span>
                                                        </a>
                                                    </li>
                                                </ul>
                                            </li>
                                        </ul>
                                    </div>
                                    <div class="col-md-12" style="padding: 0px;">
                                        <div class="col-md-4 col-sm-4">
                                            <ul class="pad0">
                                                <li>
                                                    <a href="#">
                                                        <span>Sunglasses</span>
                                                    </a>
                                                    <ul>
                                                        <li>
                                                            <a href="#">
                                                                <span>Aviator</span>
                                                            </a>
                                                        </li>
                                                        <li>
                                                            <a href="#">
                                                                <span>Wayfarer</span>
                                                            </a>
                                                        </li>
                                                        <li>
                                                            <a href="#">
                                                                <span>Brands</span>
                                                            </a>
                                                        </li>
                                                        <li>
                                                            <a href="#">
                                                                <span>Rectangular</span>
                                                            </a>
                                                        </li>
                                                    </ul>
                                                </li>
                                            </ul>
                                        </div>
                                        <div class="col-md-4 col-sm-4">
                                            <ul class="pad0">
                                                <li>
                                                    <a href="#">
                                                        <span>Accessories</span>
                                                    </a>
                                                    <ul>
                                                        <li>
                                                            <a href="#">
                                                                <span>Wallets</span>
                                                            </a>
                                                        </li>
                                                        <li>
                                                            <a href="#">
                                                                <span>Belts</span>
                                                            </a>
                                                        </li>
                                                        <li>
                                                            <a href="#">
                                                                <span>Bags</span>
                                                            </a>
                                                        </li>
                                                        <li>
                                                            <a href="#">
                                                                <span>Luggage</span>
                                                            </a>
                                                        </li>
                                                    </ul>
                                                </li>
                                            </ul>
                                        </div>
                                        <div class="col-md-4 col-sm-4">
                                            <ul class="pad0">
                                                <li>
                                                    <a href="#">
                                                        <span>Grooming</span>
                                                    </a>
                                                    <ul>
                                                        <li>
                                                            <a href="#">
                                                                <span>Best Sellers</span>
                                                            </a>
                                                        </li>
                                                        <li>
                                                            <a href="#">
                                                                <span>Top Sellers</span>
                                                            </a>
                                                        </li>
                                                        <li>
                                                            <a href="#">
                                                                <span>New Arrivals</span>
                                                            </a>
                                                        </li>
                                                        <li>
                                                            <a href="#">
                                                                <span>Hair Care</span>
                                                            </a>
                                                        </li>
                                                    </ul>
                                                </li>
                                            </ul>
                                        </div>
                                    </div>
                                </div>
                                <div class="col-md-6 ">
                                    <div class="oe_structure">
                                     <div class="col-md-6 col-sm-6 ">
                                     <div class="zoom-image"> 
                                        <a class="banner-img" title="banner" href="#"> 
                                            <img class="img-responsive mb16 img-banner-lazyloaded" alt="" src="/theme_grace/static/src/img/img-cate1.jpg">
                                        </a>
                                     </div>
                                        <div class="zoom-image"> 
                                        <a class="banner-img" title="banner" href="#">  
                                            <img class="img img-responsive mb16 img-banner-lazyloaded" src="/theme_grace/static/src/img/img-cate2.jpg"></img>
                                    </a>
                                     </div>
                                    </div>
                                     <div class="col-md-6 col-sm-6">
                                     <div class="zoom-image"> 
                                        <a class="banner-img" title="banner" href="#">  
                                            <img class="img img-responsive mb16 img-banner-lazyloaded" src="/theme_grace/static/src/img/img-cate3.jpg"></img>
                                                </a>
                                     </div>
                                    <div class="zoom-image"> 
                                        <a class="banner-img" title="banner" href="#">  
                                            <img class="img img-responsive mb16 img-banner-lazyloaded" src="/theme_grace/static/src/img/img-cate4.jpg"></img>
                                        </a>
                                     </div>
                                    </div>
                                    </div>
                                </div>
                            </div>
                        </div>
             ]]>

			</field>
		</record>

		<record id="menu_electronics" model="website.menu">
			<field name="name">Women</field>
			<field name="url">#</field>
			<field name="parent_id" ref="website.main_menu" />
			<field name="sequence" type="int">45</field>
			<field name="menu_size">mw</field>
			<field name="submenu_view"><![CDATA[
            <div class="row">
                            <div class="col-md-12 ">
                                <div class="col-md-3 col-sm-4">
                                    <ul class="pad0">
                                        <li>
                                            <a href="#">
                                                <span>Jewellery</span>
                                            </a>
                                            <ul>
                                                <li>
                                                    <a href="#">
                                                        <span>399 Store</span>
                                                    </a>
                                                </li>
                                                <li>
                                                    <a href="#">
                                                        <span>Sets</span>
                                                    </a>
                                                </li>
                                                <li>
                                                    <a href="#">
                                                        <span>Earrings</span>
                                                    </a>
                                                </li>
                                                <li>
                                                    <a href="#">
                                                        <span>Rings</span>
                                                    </a>
                                                </li>
                                                <li>
                                                    <a href="#">
                                                        <span>Sets</span>
                                                    </a>
                                                </li>
                                            </ul>
                                        </li>
                                    </ul>
                                </div>
                                <div class="col-md-3 col-sm-4">
                                    <ul class="pad0">
                                        <li>
                                            <a href="#">
                                                <span>Beauty</span>
                                            </a>
                                            <ul>
                                                <li>
                                                    <a href="#">
                                                        <span>Skin Care</span>
                                                    </a>
                                                </li>
                                                <li>
                                                    <a href="#">
                                                        <span>Hair Care</span>
                                                    </a>
                                                </li>
                                                <li>
                                                    <a href="#">
                                                        <span>Make Up</span>
                                                    </a>
                                                </li>
                                                <li>
                                                    <a href="#">
                                                        <span>Bath Needs</span>
                                                    </a>
                                                </li>
                                                <li>
                                                    <a href="#">
                                                        <span>Deodorants</span>
                                                    </a>
                                                </li>
                                            </ul>
                                        </li>
                                    </ul>
                                </div>
                                <div class="col-md-3 col-sm-4">
                                    <ul class="pad0">
                                        <li>
                                            <a href="#">
                                                <span>Footwear</span>
                                            </a>
                                            <ul>
                                                <li>
                                                    <a href="#">
                                                        <span>Flats</span>
                                                    </a>
                                                </li>
                                                <li>
                                                    <a href="#">
                                                        <span>Heels</span>
                                                    </a>
                                                </li>
                                                <li>
                                                    <a href="#">
                                                        <span>Wedges</span>
                                                    </a>
                                                </li>
                                                <li>
                                                    <a href="#">
                                                        <span>Boots</span>
                                                    </a>
                                                </li>
                                                <li>
                                                    <a href="#">
                                                        <span>Pumps</span>
                                                    </a>
                                                </li>
                                            </ul>
                                        </li>
                                    </ul>
                                </div>
                                <div class="col-md-3 col-sm-4">
                                    <ul class="pad0">
                                        <li>
                                            <a href="#">
                                                <span>Bags</span>
                                            </a>
                                            <ul>
                                                <li>
                                                    <a href="#">
                                                        <span>399 Store</span>
                                                    </a>
                                                </li>
                                                <li>
                                                    <a href="#">
                                                        <span>Handbags</span>
                                                    </a>
                                                </li>
                                                <li>
                                                    <a href="#">
                                                        <span>Sling Bags</span>
                                                    </a>
                                                </li>
                                                <li>
                                                    <a href="#">
                                                        <span>Totes</span>
                                                    </a>
                                                </li>
                                                <li>
                                                    <a href="#">
                                                        <span>Clutches</span>
                                                    </a>
                                                </li>
                                            </ul>
                                        </li>
                                    </ul>
                                </div>
                            </div>
                            <div class="col-md-12 ">
                                <div class="col-md-6 col-sm-6">
                                 <div class="zoom-image"> 
                                        <a class="banner-img" title="banner" href="#"> 
                                            <img class="img-responsive mb16 mt16 img-banner-lazyloaded" alt="" src="/theme_grace/static/src/img/menu-img03.jpg">
                                        </a>
                                     </div>
                                </div>
                                <div class="col-md-6 col-sm-6">
                                 <div class="zoom-image"> 
                                        <a class="banner-img" title="banner" href="#"> 
                                            <img class="img-responsive mb16 mt16 img-banner-lazyloaded" alt="" src="/theme_grace/static/src/img/menu-img04.jpg">
                                        </a>
                                     </div>
                                </div>
                            </div>
                        </div>
             ]]>

			</field>
		</record>
		<record id="menu_hello" model="website.menu">
			<field name="name">Western Wear</field>
			<field name="url">#</field>
			<field name="parent_id" ref="website.main_menu" />
			<field name="sequence" type="int">50</field>
			<field name="menu_size">sm</field>
			<field name="submenu_view"><![CDATA[ 
                <li><a href="#">Shirts</a></li>
                <li><a href="#">Tops</a></li>
                <li><a href="#">Jeans</a></li>
                <li><a href="#">Winter Wear</a></li>
            ]]>
			</field>
		</record>

	</data>
</openerp>