<?xml version="1.0" encoding="utf-8" ?>
<openerp>
	<data>
		<!-- Snippet's Body -->


		<template id="website.footer_custom" inherit_id="website.layout"
			name="Footer">
			<xpath expr="//div[@id='footer']" position="replace">
				<div class="oe_structure" id="footer">
					<section class="footer-border">
						<div class="container">
							<div class="row font-14">


								<div class="col-md-3 mt8 footer-fa col-sm-12">
									<!-- <h4>Follow Us</h4> -->

									<div class="oe_share s_share">
										<h3 class="o_default_snippet_text">
											<h4>Newsletter</h4>
											<div class="input-group js_subscribe hidden"
												data-list-id="1" data-subscribe="off">
												<input type="email" name="email"
													class="js_subscribe_email form-control" placeholder="your email..." />
												<span class="input-group-btn">
													<a href="#"
														class="btn btn-primary js_subscribe_btn o_default_snippet_text">Subscribe</a>
													<a href="#"
														class="btn btn-success js_subscribed_btn hidden o_default_snippet_text"
														disabled="disabled">Thanks</a>
												</span>
												<div class="alert alert-success hidden o_default_snippet_text">Thanks for your subscription!</div>
											</div>


											
										</h3>
										<h4>Payment</h4>
										<a href="">
											<i class="fa fa-cc-paypal fa-2x"></i>
										</a>
										<a href="">
											<i class="fa fa-cc-mastercard fa-2x"></i>
										</a>
										<a href="">
											<i class="fa fa-google-wallet fa-2x"></i>
										</a>
										<a href="">
											<i class="fa fa-cc-visa fa-2x"></i>
										</a>
										<a href="">
											<i class="fa fa-cc-amex fa-2x"></i>
										</a>

										<div class="col-md-8">


										</div>
									</div>
									<div>
									</div>


								</div>



								<div class="col-md-2 col-sm-3">
									<h4 class="mt16  mb8">Information</h4>
									<li class="mt8 bullets">
										<a href="/">- Your Account</a>
									</li>
									<li class="mt8 bullets">
										<a href="/ bullets">- Information</a>
									</li>
									<li class="mt8 bullets">
										<a href="/">- Quick Links</a>
									</li>
									<li class="mt8 bullets">
										<a href="/">- Footer Links
										</a>
									</li>
									<li class="mt8 bullets">
										<a href="/">- NewLetter</a>
									</li>
									<li class="mt8 bullets">
										<a href="/">- Rules</a>
									</li>

								</div>

								<div class="col-md-2 col-sm-3">
									<h4 class="mt16  mb8">Theme Features</h4>
									<li class="mt8 bullets">
										<a href="/">- Top Sellers</a>
									</li>
									<li class="mt8 bullets">
										<a href="/ bullets">- Theme Features</a>
									</li>
									<li class="mt8 bullets">
										<a href="/">- Typography</a>
									</li>
									<li class="mt8 bullets">
										<a href="/">- Some Sample Link
										</a>
									</li>
									<li class="mt8 bullets">
										<a href="/">- Our Best Partners</a>
									</li>
									<li class="mt8 bullets">
										<a href="/">- Latest Work</a>
									</li>

								</div>

								<div class="col-md-2 col-sm-3">
									<h4 class="mt16">Sample Heading</h4>
									<li class="mt8 bullets">
										<a href="/">- Terms</a>
									</li>
									<li class="mt8 bullets">
										<a href="/">- Conditions</a>
									</li>
									<li class="mt8 bullets">
										<a href="/">- About us</a>
									</li>
									<li class="mt8 bullets">
										<a href="/">- Example
										</a>
									</li>
									<li class="mt8 bullets">
										<a href="/">- Some Sample Link</a>
									</li>
									<li class="mt8 bullets">
										<a href="/">- Our Best Partners</a>
									</li>

								</div>

								<div class="col-md-3 col-sm-3 ">
									<h4 class="mt16">Footer Block</h4>
									<li class="mt8 bullets">
										<a href="/">- Delivery</a>
									</li>
									<li class="mt8 bullets">
										<a href="/">- Track your order</a>
									</li>
									<li class="mt8 bullets">
										<a href="/">- Buy gift cards</a>
									</li>
									<li class="mt8 bullets">
										<a href="/">- One click to join us</a>
									</li>
									<li class="mt8 bullets">
										<a href="/">- Best Seller</a>
									</li>
									<li class="mt8 bullets">
										<a href="/">- Sample Links</a>
									</li>


								</div>





							</div>
						</div>
					</section>
				</div>
			</xpath>
		</template>


		<!-- copy right -->
		<template id="website.layout_footer_copyright" inherit_id="website.layout"
			name="Footer Copyright">
			<xpath expr="//div[contains(@id, 'footer')]" position="inside">
				<div class="container mt16 mb8">
					<div class="pull-right" t-ignore="true" t-if="not editable">
						Create a
						<a href="http://www.odoo.com/page/website-builder">free website</a>
						with
						<a class="label label-danger" href="http://www.odoo.com/page/website-builder">Odoo</a>
					</div>
					<div class="pull-left text-muted" itemscope="itemscope"
						itemtype="http://schema.org/Organization">
						Copyright &amp;copy;
						<span t-field="res_company.name" itemprop="name">Company name</span>
					</div>

					<div class="pull-right">
						<t t-call="website.language_selector" />
					</div>
				</div>
			</xpath>
		</template>

		<!-- language selector -->

		<template id="website.language_selector">
			<ul class="list-inline js_language_selector"
				t-if="(request and request.website_multilang and len(languages) &gt; 1) or (website and (editable or translatable))">
				<li t-foreach="languages" t-as="lg">
					<a
						t-att-href="url_for(request.httprequest.path + '?' + keep_query(), lang=lg[0])"
						t-att-data-default-lang="(editable or translatable) and 'true' if website and lg[0] == website.default_lang_code else None"
						t-att-data-lang="lg[0]" class="js_change_lang">
						<t t-esc="lg[1].split('/').pop()" />
					</a>
				</li>
				<li groups="base.group_website_publisher">
					<t t-set="url_return" t-value="url_for('', '[lang]') + '?' + keep_query()" />
					<a
						t-attf-href="/web#action=base.action_view_base_language_install&amp;website_id=#{website.id if website else ''}&amp;url_return=#{url_return}">
						<i class="fa fa-plus-circle" />
						Add a language...
					</a>
				</li>
			</ul>
		</template>


		<!-- End -->


		<template id="website.footer_default" inherit_id="website.footer_custom"
			customize_show="False" active="False" name="Automatic Footer">
			<xpath expr="//div[@id='footer']" position="replace">
				<div id="footer" class="container hidden-print">
					<div class="row">
						<div class="col-md-4 col-lg-3">
							<h4>Our products &amp; Services</h4>
							<ul class="list-unstyled" id="products">
								<li>
									<a href="/">Home</a>
								</li>
							</ul>
						</div>
						<div class="col-md-4  col-lg-3" id="info">
							<h4>Connect with us</h4>
							<ul class="list-unstyled">
								<li>
									<a href="/page/website.contactus">Contact us</a>
								</li>
							</ul>
							<ul class="list-unstyled">
								<li t-ignore="true">
									<i class="fa fa-phone"></i>
									<span t-field="res_company.phone"></span>
								</li>
								<li t-ignore="true">
									<i class="fa fa-envelope"></i>
									<span t-field="res_company.email"></span>
								</li>
							</ul>
							<h2>
								<a t-att-href="website.social_facebook" t-if="website.social_facebook">
									<i class="fa fa-facebook-square" />
								</a>
								<a t-att-href="website.social_twitter" t-if="website.social_twitter">
									<i class="fa fa-twitter" />
								</a>
								<a t-att-href="website.social_linkedin" t-if="website.social_linkedin">
									<i class="fa fa-linkedin" />
								</a>
								<a t-att-href="website.social_youtube" t-if="website.social_youtube">
									<i class="fa fa-youtube-play" />
								</a>
								<a t-att-href="website.social_googleplus" t-if="website.social_googleplus"
									rel="publisher">
									<i class="fa fa-google-plus-square" />
								</a>
								<a t-att-href="website.social_github" t-if="website.social_github">
									<i class="fa fa-github" />
								</a>
							</h2>
						</div>
						<div class="col-md-4 col-lg-5 col-lg-offset-1">
							<h4>
								<span t-field="res_company.name" />
								<small>
									-
									<a href="/page/website.aboutus">About us</a>
								</small>
							</h4>
							<div>
								<p>
									We are a team of passionate people whose goal is to improve
									everyone's
									life through disruptive products. We build great
									products to solve
									your
									business problems.
								</p>
								<p>
									Our products are designed for small to medium size companies
									willing to optimize
									their performance.
								</p>
							</div>
							<t t-call="website.language_selector" />
						</div>
					</div>
				</div>

				<div id="back-top">
					<a class="img-square" href="#wrap">
						<i class="fa fa-chevron-up"></i>
					</a>
				</div>

			</xpath>
		</template>


	</data>
</openerp>