<?xml version="1.0" encoding="UTF-8"?>
<openerp>
  <data>
    <!--
==============================================
Room (room > room) 
generated 2009-07-11 12:22:10+02
==============================================
-->
    <record model="ir.ui.view" id="chricar_room_form">
      <field name="name">chricar.room.form</field>
      <field name="model">chricar.room</field>
      <field name="priority">1</field>
      <field name="type">form</field>
      <field name="arch" type="xml">
        <form string="Room">
          <field name="name" />
          <field name="top_id" />
          <field name="sequence" />
          <field name="size" />
          <field name="height" />
          <field name="tv_cable" />
          <field name="tv_sat" />
          <field name="telephon" />
          <field name="windows" />
          <field name="balcony" />
          <field name="terrace" />
          <field name="garden_access" />
          <field name="floor" />
          <notebook colspan="4">
            <page string="Notes">
              <field name="note" />
            </page>
          </notebook>
        </form>
      </field>
    </record>
    <record model="ir.ui.view" id="chricar_room_list">
      <field name="name">chricar.room.list</field>
      <field name="model">chricar.room</field>
      <field name="priority">1</field>
      <field name="type">tree</field>
      <field name="arch" type="xml">
        <tree string="Room" editable="bottom">
          <field name="top_id" />
          <field name="sequence"/>
          <field name="name"  colspan="4"/>
          <field name="size" />
          <field name="height" />
          <field name="tv_cable" />
          <field name="tv_sat" />
          <field name="telephon" />
          <field name="windows" />
          <field name="balcony" />
          <field name="terrace" />
          <field name="garden_access" />
          <field name="floor" />
        </tree>
      </field>
    </record>
    <record model="ir.actions.act_window" id="chricar_room_act1">
      <field name="name">Room</field>
      <field name="res_model">chricar.room</field>
      <field name="view_type">form</field>
      <field name="view_mode">tree,form</field>
      <field name="view_id" ref="chricar_room_list"/>
    </record>
    <record model="ir.actions.act_window.view" id="chricar_room_act1_view2">
      <field name="sequence" eval="1"/>
      <field name="view_mode">tree</field>
      <field name="view_id" ref="chricar_room_list"/>
      <field name="act_window_id" ref="chricar_room_act1"/>
    </record>
    <record model="ir.actions.act_window.view" id="chricar_room_act1_view1">
      <field name="sequence" eval="2"/>
      <field name="view_mode">form</field>
      <field name="view_id" ref="chricar_room_form"/>
      <field name="act_window_id" ref="chricar_room_act1"/>
    </record>
    <menuitem
      action="chricar_room_act1"
      id="menu_chricar_room_list"
      parent="chricar_top.menu_chricar_real_estate"
      sequence="25"/>
    <!--
==============================================
Modification of Parents (only for matching table prefixes)
==============================================
-->
    <record model="ir.ui.view" id="chricar_top_room_form1">
      <field name="name">chricar.top.form1</field>
      <field name="model">chricar.top</field>
      <field name="inherit_id" ref="chricar_top.chricar_top_form"/>
      <field name="priority" eval="70"/>
      <field name="arch" type="xml">
        <notebook>
          <page string="Room">
            <field name="room_ids" widget="one2many_list" colspan="4" nolabel="1">
              <tree string="Rooms" editable="bottom">
                <field name="sequence"/>
                <field name="name"  colspan="4"/>
                <field name="size" />
                <field name="height" />
                <field name="tv_cable" />
                <field name="tv_sat" />
                <field name="telephon" />
                <field name="windows" />
                <field name="balcony" />
                <field name="terrace" />
                <field name="garden_access" />
                <field name="floor" />
              </tree>
              <form string="Room">
                <field name="name" />
                <field name="sequence" />
                <field name="size" />
                <field name="height" />
                <field name="tv_cable" />
                <field name="tv_sat" />
                <field name="telephon" />
                <field name="windows" />
                <field name="balcony" />
                <field name="terrace" />
                <field name="garden_access" />
                <field name="floor" />
                <notebook colspan="4">
                  <page string="Notes">
                    <field name="note" />
                  </page>
                </notebook>
              </form>
            </field>
          </page>
        </notebook>
      </field>
    </record>
  </data>
</openerp>
