<?xml version="1.0" encoding="UTF-8"?>
<openerp>
  <data>
    <!--
==============================================
Modification of Partner - Adding Tab for Parent Companies
==============================================
-->
    <record model="ir.ui.view" id="view_partner_form">
      <field name="name">res.partner.form.parent_company</field>
      <field name="model">res.partner</field>
      <field name="inherit_id" ref="base.view_partner_form"/>
      <field name="priority" eval="20"/>
      <field name="arch" type="xml">
        <notebook>
          <page string="Participations">
            <notebook>
              <page string="Participations Current">
                <field name="partner_current_ids" colspan="4" nolabel="1" widget="one2many_list" >
                  <tree string="Parent Companies" editable="top">
                    <field name="name"  sum="Sum Share"/>
                    <field name="paid_in"  sum="Sum Paid in"/>
                    <field name="percentage"  sum="Sum Percentage"/>
                    <field name="agio"  sum="Sum Agio"/>
                    <field name="consolidation" />
                    <field name="partner_parent_id" />
                    <field name="valid_from" />
                    <field name="valid_until" />
                    <field name="valid_fiscal_from" />
                    <field name="valid_fiscal_until" />
                    <field name="contract_date" />
                    <field name="contract_number" />
                    <field name="comment"/>
                  </tree>
                  <form string="Parent Companies">
                    <field name="name" />
                    <field name="paid_in" />
                    <field name="percentage" />
                    <field name="agio" />
                    <field name="consolidation" />
                    <field name="partner_parent_id" />
                    <field name="valid_from" />
                    <field name="valid_until" />
                    <field name="valid_fiscal_from" />
                    <field name="valid_fiscal_until" />
                    <field name="contract_date" />
                    <field name="contract_number" />
                    <separator colspan="4" string="Notes"/>
                    <field name="comment" colspan="4" nolabel="1"/>
                  </form>
                </field>
                <field name="participation_current_ids" colspan="4" nolabel="1" widget="one2many_list" >
                  <tree string="Participations" editable="top">
                    <field name="name" />
                    <field name="paid_in" />
                    <field name="percentage" />
                    <field name="agio" />
                    <field name="consolidation" />
                    <field name="partner_id" />
                    <field name="valid_from" />
                    <field name="valid_until" />
                    <field name="valid_fiscal_from" />
                    <field name="valid_fiscal_until" />
                    <field name="contract_date" />
                    <field name="contract_number" />
                    <field name="comment"/>
                  </tree>
                  <form string="Participations">
                    <field name="name" />
                    <field name="paid_in" />
                    <field name="percentage" />
                    <field name="agio" />
                    <field name="consolidation" />
                    <field name="partner_id" />
                    <field name="valid_from" />
                    <field name="valid_until" />
                    <field name="valid_fiscal_from" />
                    <field name="valid_fiscal_until" />
                    <field name="contract_date" />
                    <field name="contract_number" />
                    <separator colspan="4" string="Notes"/>
                    <field name="comment" colspan="4" nolabel="1"/>
                  </form>
                </field>
              </page>
              <page string="Participations All">
                <field name="partner_ids" colspan="4" nolabel="1" widget="one2many_list" >
                  <tree string="Parent Companies" editable="top">
                    <field name="name"  sum="Sum Share"/>
                    <field name="paid_in"  sum="Sum Paid in"/>
                    <field name="percentage"  sum="Sum Percentage"/>
                    <field name="agio"  sum="Sum Agio"/>
                    <field name="consolidation" />
                    <field name="partner_parent_id" />
                    <field name="valid_from" />
                    <field name="valid_until" />
                    <field name="valid_fiscal_from" />
                    <field name="valid_fiscal_until" />
                    <field name="contract_date" />
                    <field name="contract_number" />
                    <field name="comment"/>
                  </tree>
                  <form string="Parent Companies">
                    <field name="name" />
                    <field name="paid_in" />
                    <field name="percentage" />
                    <field name="agio" />
                    <field name="consolidation" />
                    <field name="partner_parent_id" />
                    <field name="valid_from" />
                    <field name="valid_until" />
                    <field name="valid_fiscal_from" />
                    <field name="valid_fiscal_until" />
                    <field name="contract_date" />
                    <field name="contract_number" />
                    <separator colspan="4" string="Notes"/>
                    <field name="comment" colspan="4" nolabel="1"/>
                  </form>
                </field>
                <field name="participation_ids" colspan="4" nolabel="1" widget="one2many_list" >
                  <tree string="Participations" editable="top">
                    <field name="name" />
                    <field name="paid_in" />
                    <field name="percentage" />
                    <field name="agio" />
                    <field name="consolidation" />
                    <field name="partner_id" />
                    <field name="valid_from" />
                    <field name="valid_until" />
                    <field name="valid_fiscal_from" />
                    <field name="valid_fiscal_until" />
                    <field name="contract_date" />
                    <field name="contract_number" />
                    <field name="comment"/>
                  </tree>
                  <form string="Participations">
                    <field name="name" />
                    <field name="paid_in" />
                    <field name="percentage" />
                    <field name="agio"/>
                    <field name="consolidation" />
                    <field name="partner_id" />
                    <field name="valid_from" />
                    <field name="valid_until" />
                    <field name="valid_fiscal_from" />
                    <field name="valid_fiscal_until" />
                    <field name="contract_date" />
                    <field name="contract_number" />
                    <separator colspan="4" string="Notes"/>
                    <field name="comment" colspan="4" nolabel="1"/>
                  </form>
                </field>
              </page>
            </notebook>
          </page>
        </notebook>
      </field>
    </record>
    <!--
==============================================
Definition of Parent Companies
==============================================
-->
    <record id="view_partner_parent_companies_search" model="ir.ui.view">
      <field name="name">res.partner.parent_company.search</field>
      <field name="model">res.partner.parent_company</field>
      <field name="type">search</field>
      <field name="arch" type="xml">
      <search string="Participations">
          <group col="10" colspan="4">
            <field name="partner_id" string="Participations"/>
            <field name="partner_parent_id" string="Parent"/>
            <field name="consolidation"/>
          </group>
          <newline/>
          <group expand="0" string="Group By..." colspan="4" col="2">
            <filter
              context="{'group_by':'partner_id'}"
              domain="[]"
              icon="terp-stock_effects-object-colorize"
              string="Participation"/>

          <filter
              context="{'group_by':'partner_parent_id'}"
              domain="[]"
              icon="terp-stock_effects-object-colorize"
              string="Parent"/>
          </group>
        </search>
      </field>
    </record>


    <record id="view_partner_parent_companies_form" model="ir.ui.view">
      <field name="name">res.partner.parent_company.form</field>
      <field name="model">res.partner.parent_company</field>
      <field name="type">form</field>
      <field name="arch" type="xml">
        <form string="Parent Companies">
          <field name="partner_id" />
          <field name="partner_parent_id" />
          <field name="name" />
          <field name="paid_in" />
          <field name="percentage" />
          <field name="agio" />
          <field name="consolidation" />
          <field name="valid_from" />
          <field name="valid_until" />
          <field name="valid_fiscal_from" />
          <field name="valid_fiscal_until" />
          <field name="contract_date" />
          <field name="contract_number" />
          <separator colspan="4" string="Notes"/>
          <field name="comment" colspan="4" nolabel="1"/>
        </form>
      </field>
    </record>
    <record id="view_partner_parent_companies_tree" model="ir.ui.view">
      <field name="name">res.partner.parent_company.tree</field>
      <field name="model">res.partner.parent_company</field>
      <field name="type">tree</field>
      <field name="arch" type="xml">
        <tree string="Parent Companies" editable="top">
          <field name="partner_id" />
          <field name="partner_parent_id" />
          <field name="name"  sum="Sum Share"/>
          <field name="paid_in"  sum="Sum Paid in"/>
          <field name="percentage"  sum="Sum Percentage"/>
          <field name="agio"  sum="Sum Agio"/>
          <field name="consolidation" />
          <field name="valid_from" />
          <field name="valid_until" />
          <field name="valid_fiscal_from" />
          <field name="valid_fiscal_until" />
          <field name="contract_date" />
          <field name="contract_number" />
          <field name="comment" />
        </tree>
      </field>
    </record>
    <record id="action_partner_parent_companies_form" model="ir.actions.act_window">
      <field name="name">Partner Participations</field>
      <field name="res_model">res.partner.parent_company</field>
      <field name="view_type">form</field>
      <field name="view_mode">tree,form</field>
    </record>
    <menuitem
      action="action_partner_parent_companies_form"
      id="menu_partner_parent_companies_form"
      parent="base.menu_config_address_book"/>
    <!-- not working, because the structure must be in the resource not foreign
    <record id="view_partner_parent_companies_tree2" model="ir.ui.view">
      <field name="name">res.partner.parent_company.tree2</field>
      <field name="model">res.partner.parent_company</field>
      <field name="type">tree</field>
      <field name="field_parent">partner_id</field>
      <field name="arch" type="xml">
        <tree toolbar="1" string="Paticipation Strucutre">
          <field name="partner_parent_id" />
          <field name="partner_id" string="Participation" />
          <field name="name" />
          <field name="percentage" />
          <field name="agio" />
          <field name="consolidation" />
          <field name="valid_from" />
          <field name="valid_until" />
          <field name="valid_fiscal_from" />
          <field name="valid_fiscal_until" />
          <field name="contract_date" />
          <field name="contract_number" />
        </tree>
      </field>
    </record>
    <record model="ir.actions.act_window" id="open_partner_participation_tree">
      <field name="name">Participation Structure (not working)</field>
      <field name="res_model">res.partner.parent_company</field>
      <field name="view_type">form</field>
      <field name="view_mode">tree,form</field>
      <field name="view_id" ref="view_partner_parent_companies_tree2"/>
    </record>
    <menuitem
      action="open_partner_participation_tree"
      id="menu_partner_participation_tree"
      parent="base.menu_address_book"/>
        -->
    <!--
    <record id="view_partner_tree_struct" model="ir.ui.view">
      <field name="name">res.partner.tree.struct</field>
      <field name="model">res.partner</field>
      <field name="type">tree</field>
      <field name="field_parent">partner_ids</field>
      <field name="arch" type="xml">
        <tree toolbar="1">
          <field name="name"/>
        </tree>
      </field>
    </record>
    <record id="action_partner_tree_struct" model="ir.actions.act_window">
      <field name="name">Participation Structure</field>
      <field name="res_model">res.partner</field>
      <field name="type">ir.actions.act_window</field>
      <field name="view_type">tree</field>
      <field name="view_id" ref="view_partner_tree_struct"/>
    </record>
    <menuitem
      action="action_partner_tree_struct"
      id="menu_partner_tree_struct"
      parent="base.menu_address_book"/>
        -->
                <!--
          =======================
          Partner
          =======================
        -->
        <record id="view_partner_owner_tree" model="ir.ui.view">
            <field name="name">res.partner.owner.tree</field>
            <field name="model">res.partner</field>
            <field name="type">tree</field>
            <field eval="30" name="priority"/>
            <field name="arch" type="xml">
                <tree string="Partners">
                    <field name="name"/>
                    <field name="ref" groups="base.group_extended"/>
                    <field name="owners_share"/>
                    <field name="owners_direct_share"/>
                    <field name="owners_consol_share"/>
                </tree>
            </field>
        </record>

       <record id="view_res_partner_owner_filter" model="ir.ui.view">
            <field name="name">res.partner.owner.select</field>
            <field name="model">res.partner</field>
            <field name="type">search</field>
            <field name="arch" type="xml">
                <search string="Search Partner">
                   <group col='10' colspan='4'>
                        <filter string="Customers" name="customer" icon="terp-personal" domain="[('customer','=',1)]" help="Customer Partners"/>
                        <filter string="Suppliers" name="supplier" icon="terp-personal" domain="[('supplier','=',1)]" help="Supplier Partners"/>
                        <separator orientation="vertical"/>
                        <field name="name" />
                        <field name="country" />
                   </group>
               </search>
            </field>
        </record>

        
      <act_window
      domain="[('owners_share', '>', 0.0)]"
      context="{'share_owner_id' : active_id, 'search_view_id':'view_partner_owner_tree'}"
      id="act_partner_owner"
      name="Owners Share"
      res_model="res.partner"
      src_model="res.partner"
      view_id="view_partner_owner_tree"
      
      view_mode="tree,form"
      view_type="form"/>

                <!--
          =======================
          Company
          =======================
        -->
        <record id="view_company_owner_tree" model="ir.ui.view">
            <field name="name">res.company.owner.tree</field>
            <field name="model">res.company</field>
            <field name="type">tree</field>
            <field eval="30" name="priority"/>
            <field name="arch" type="xml">
                <tree string="Companies">
                    <field name="name"/>
                    <field name="partner_id"/>
                    <field name="owners_share"/>
                    <field name="owners_direct_share"/>
                    <field name="owners_consol_share"/>
                </tree>
            </field>
        </record>


      <act_window
      domain="[('owners_share', '>', 0.0)]"
      context="{'share_owner_id' : partner_id, 'search_view_id':'view_partner_owner_tree'}"
      id="act_company_owner"
      name="Owners Share"
      res_model="res.company"
      src_model="res.company"
      view_id="view_company_owner_tree"

      view_mode="tree,form"
      view_type="form"/>

      
  </data>
</openerp>
