<?xml version="1.0" encoding="UTF-8"?>
<openerp>
    <data>

        <record id="event_data_form_view" model="ir.ui.view">
            <field name="model">event.event</field>
            <field name="inherit_id" ref="event.view_event_form"/>
            <field name="view_type">form</field>
            <field name="arch" type="xml">
                <field name="address_id" position="attributes">
                    <attribute name="string">Site</attribute>
                </field>
                <field name="organizer_id" position="after">
                    <field name="x_trainer_id"/>
                </field>
                <field name="email" position="attributes">
                    <attribute name="invisible">True</attribute>
                </field>
                <field name="nb_register" position="attributes">
                    <attribute name="invisible">True</attribute>
                </field>
                <field name="phone" position="replace">
                    <field name="x_time_in"/>
                    <field name="x_time_out"/>
                </field>
            </field>
        </record>

        <record id="event_registration_form_view" model="ir.ui.view">
            <field name="model">event.registration</field>
            <field name="inherit_id" ref="event.view_event_registration_form"/>
            <field name="view_type">form</field>
            <field name="arch" type="xml">
                <field name="name" position="attributes">
                    <attribute name="invisible">True</attribute>
                </field>
                <field name="phone" position="attributes">
                    <attribute name="invisible">True</attribute>
                </field>
                <field name="email" position="attributes">
                    <attribute name="invisible">True</attribute>
                </field>

                    <group>
                         <group string = "Salary and Experience Ranges">
                             <field name="x_salary_range"/>
                             <field name="x_exp_range"/>
                         </group>
                         <group string = "Training Score">
                             <field name="x_pre_training"/>
                             <field name="x_post_training"/>
                         </group>
                         <group string = "Time in/Time out">
                             <field name="x_time_in"/>
                             <field name="x_time_out"/>
                         </group>
                   </group>

            </field>
        </record>

        <record id="event_registration_tree_view" model="ir.ui.view">
            <field name="model">event.registration</field>
            <field name="inherit_id" ref="event.view_event_registration_tree"/>
            <field name="view_type">tree</field>
            <field name="arch" type="xml">
                <field name="name" position="attributes">
                    <attribute name="invisible">True</attribute>
                </field>
                <field name="email" position="attributes">
                    <attribute name="invisible">True</attribute>
                </field>
                <field name="partner_id" position="after">
                    <field name="x_time_in"/>
                    <field name="x_time_out"/>
                </field>
            </field>
        </record>

        <record id="view_event_partner_info_form1" model="ir.ui.view">
            <field name="model">res.partner</field>
            <field name="inherit_id" ref="base.view_partner_form"/>
            <field name="view_type">form</field>
            <field name="arch" type="xml">
                <field name="mobile" position="replace">
                <field name="x_mobile" placeholder="e.g 03xx-xxxxxxx"/>
                </field>
                <field name="title" position="after">
                <field name="x_cnic" placeholder="e.g 3310012345671 (without dashes)"/>
                </field>
            </field>
        </record>

    </data>
</openerp>