<?xml version="1.0" encoding="UTF-8"?>  
       
<templates id="template" xml:space="preserve">
    
    <t t-extend='OrdersScreenWidget'>
        <t t-jquery='.wk_order_list thead tr' t-operation='append'>
            <th>Return Order</th>
        </t>
    </t>

    <t t-extend='WkOrderLine'>
        <t t-jquery='.wk-order-line' t-operation='append'>
            <td>
                <button class="wk_return_content" t-att-id='partner.id'><i class="fa fa-reply"></i>Return Order</button>
            </td>
        </t>
    </t>
    <t t-name="Orderline">
        <li t-attf-class="orderline #{ line.selected ? 'selected' : '' }">
            <span class="product-name">
                <t t-esc="line.get_product().display_name"/>
            </span>
            <span class="price">
                <t t-esc="widget.format_currency(line.get_display_price())"/>
            </span>
            <ul class="info-list">
                <t t-if="line.get_quantity_str() !== '1' || line.selected ">
                    <li class="info">
                        <em>
                            <t t-esc="line.get_quantity_str()" />
                        </em>
                        <t t-esc="line.get_unit().name" />
                        at
                        <t t-esc="widget.format_currency(line.get_unit_display_price(),'Product Price')" />
                        /
                        <t t-esc="line.get_unit().name" />
                    </li>
                </t>
                <t t-if="line.get_discount_str() !== '0'">
                    <li class="info">
                        With a 
                        <em>
                            <t t-esc="line.get_discount_str()" />%
                        </em>
                        discount
                    </li>
                </t>
            </ul>
            <t t-if="line.get_product().not_returnable">
                <span style="color:#888;font-size:10px;float:right;margin-top: -5px;">Not Returnable</span>
            </t>
        </li>
    </t>
</templates>
    
