<?xml version="1.0" encoding="UTF-8"?>
<openerp>
    <data>

       <record id="hr_employee_view_form" model="ir.ui.view">
           <field name="model">hr.employee</field>
           <field name="inherit_id" ref="hr_family.hr_employee_view_form"/>
           <field name="view_type">form</field>
            <field name="arch" type="xml">
                <xpath expr="//page[@string='Family']" position="attributes">
                    <attribute name="string">Next of Kin</attribute>
                </xpath>

                <field name="fam_father" position="after">
                   <field name="x_father_cnic" placeholder="e.g 33100012345671"/>
                </field>
                <field name="fam_mother" position="after">
                   <field name="x_mother_cnic" placeholder="e.g 33100012345671"/>
                </field>

            </field>
        </record>

    </data>
</openerp>