<?xml version="1.0" encoding="UTF-8"?>
<openerp>
    <data>

        <record id="jobs_recruitment_form_view" model="ir.ui.view">
            <field name="model">hr.applicant</field>
            <field name="inherit_id" ref="hr_recruitment.crm_case_form_view_job"/>
            <field name="view_type">form</field>
            <field name="arch" type="xml">
               <group>
                   <group string="Personal Information">
                    <field name="x_spouse_name" string="Spouse Name"/>
                    <field name="x_father_name" string="Father Name"/>
                    <field name="x_date_o_b" string="Date of Birth"/>
                    <field name="x_gender" string="Gender"/>
                    <field name="x_marital_status" string="Marital Status"/>
                    <field name="x_language" string="Language"/>
                    </group>

                    <group string="Professional Experience">
                    <field name="x_organization" string="Organization"/>
                    <label for="x_experience_in_year"/>
                        <div>
                            <field name="x_experience_in_year" class="oe_inline"/> <label string="Year(s)" class="oe_inline"/>
                        </div>
                    <field name="x_designation" string="Designation"/>
                    <label for="x_total_experience"/>
                        <div>
                            <field name="x_total_experience" class="oe_inline"/> <label string="Year(s)" class="oe_inline"/>
                        </div>
                    </group>
               </group>
                <field name="type_id" position="after">
                        <field name="x_date_in" string="Date In"/>
                        <field name="x_date_out" string="Date out"/>
                </field>
                <field name="emp_id" position="after">
                        <field name="x_ssalary_structure"/>
                </field>
            </field>
        </record>

        <record id="partner_data_form_view" model="ir.ui.view">
            <field name="model">res.partner</field>
            <field name="inherit_id" ref="base.view_partner_form"/>
            <field name="view_type">form</field>
            <field name="arch" type="xml">
                <field name="street2" position="after">
                    <field name="x_district" placeholder="District/Agency"/>
                    <field name="x_region" placeholder="Region"/>
                    <field name="x_tehsil" placeholder="Tehsil/Town"/>
                    <field name="x_uc" placeholder="UC"/>
                    <field name="x_uc_code" placeholder="UC Code"/>
                    <field name="x_area" placeholder="Area"/>
                    <field name="x_area_code" placeholder="Code"/>
                    <field name="x_sub_area" placeholder="Sub Area"/>
                </field>
                <field name="mobile" position="replace">
                <field name="x_mobile" placeholder="e.g 03xx-xxxxxxx"/>
                </field>
                <field name="title" position="after">
                <field name="x_cnic" placeholder="e.g 33100012345671"/>
                <field name="x_marital_status_partner" string="Marital Status"/>
                <field name="x_gender_partner" string="Gender"/>
                </field>

            </field>
        </record>

        <record id="employee_data_form_view" model="ir.ui.view">
            <field name="model">hr.employee</field>
            <field name="inherit_id" ref="hr.view_employee_form"/>
            <field name="view_type">form</field>
            <field name="arch" type="xml">
                <field name="department_id" position="before">
                   <field name="id"/>
                </field>
                <field name="otherid" position="attributes">
                    <attribute name="string">CNIC</attribute>
                </field>
                <field name="address_id" position="after">
                    <field name="x_working_address" on_change="onchange_x_address_id(x_working_address)"
                                            context="{'show_address': 1, 'default_customer': False}"
                                            options='{"always_reload": True, "highlight_first_line": True}'/>
                </field>
                <field name="address_home_id" position="after">
                    <field name="x_postal_address"
                                            context="{'show_address': 1, 'default_customer': False}"
                                            options='{"always_reload": True, "highlight_first_line": True}'/>
                </field>
                <field name="otherid" position="after">
                   <field name="x_tribe"/>
                    <field name="x_lang"/>
                </field>
            </field>
        </record>

        <record id="job_position_data_form_view" model="ir.ui.view">
            <field name="model">hr.job</field>
            <field name="inherit_id" ref="hr.view_hr_job_form"/>
            <field name="view_type">form</field>
            <field name="arch" type="xml">
                <field name="department_id" position="before">
                   <field name="x_job_type"/>
                </field>
            </field>
        </record>

    </data>
</openerp>