<?xml version="1.0" encoding="utf-8"?>
<openerp>
<data>


    <template id="product_fields" inherit_id="website_sale.product" customize_show="True" name="Product Fields">
            <xpath expr="//h1[@itemprop='name']" position="after">
                <p style="float:left; font-weight:bold">SKU:</p>
                    <p style="margin-right: 15px;float:left;" t-field="product.x_sku"></p>
                <p style="float:left; font-weight:bold">HS Code:</p>
                    <p style="margin-right: 15px;float:left;" t-field="product.x_hs_code"></p>
                <p style="float:left; font-weight:bold">UOM:</p>
                    <p style="float:left" t-field="product.uom_id"></p><br/><hr/>

            </xpath>
    </template>
    </data>
</openerp>