<?xml version="1.0" encoding="UTF-8"?>
<openerp>
    <data>

            <record model="ir.ui.view" id="product_template_form_view">
                <field name="name">product.template.product.website.form</field>
                <field name="model">product.template</field>
                <field name="inherit_id" ref="product.product_template_form_view"/>
                <field name="arch" type="xml">
                     <field name="list_price" position="after">
                        <field name="x_sku"/>
                        <field name="x_hs_code"/>
                     </field>
                </field>
            </record>

    </data>
</openerp>