<?xml version="1.0" encoding="UTF-8"?>
<openerp>
    <data>


        <template id="product_hiddan" inherit_id="website_mid_header_sale_73lines.header_company_info" customize_show="True" name="Product Fields">
            <xpath expr="//div[@id='compnay_details']" position="replace">

                  <div class="col-md-2 mt16  link col-sm-3 disp-header free" id="user_wishlist" style="width:110px" >
                            <a href="/page/freesourcing">Free Sourcing</a>
                   </div>
                   <div class="col-md-2 mt16  link col-sm-3 disp-header help" id="user_wishlist" style="width:100px">
                            <a href="/page/helpcenter">Help Center</a>
                   </div>

                 <div class="col-md-2 mt16  link col-sm-3 disp-header" id="user_wishlist" style="width:140px">
                            <a href="/page/becomesuppliers">Become Suppliers</a>
                   </div>

            </xpath>
        </template>

        <template id="product_cartt" inherit_id="website_mid_header_sale_73lines.header_sale_cart" customize_show="True" name="Product Fields">
            <xpath expr="//div[@id='sale_cart']" position="replace">

                   <div class="" id="sale_cart" style="line-height:4; float: left; margin-top: -45px;">
                     <t t-set="website_sale_order" t-value="website.sale_get_order()" />
            <t t-if="website_sale_order">
                <span
                    t-att-class="'' if website_sale_order and website_sale_order.cart_quantity else 'hidden'">
                    <a href="/shop/cart">
                        <i class="fa fa-shopping-cart fa-lg"></i>
                        <sup t-attf-class="my_cart_quantity label label-warning"
                            t-esc="website_sale_order and website_sale_order.cart_quantity or ''" />
                    </a>
                </span>
            </t>
                </div>


            </xpath>
        </template>

    </data>
</openerp>