<?xml version="1.0" encoding="UTF-8"?>
<openerp>
    <data>

        <record model="ir.ui.view" id="product_template_only_form_view">
                <field name="name">product.template.product.website.form</field>
                <field name="model">product.template</field>
                <field name="inherit_id" ref="product.product_template_only_form_view"/>
                <field name="arch" type="xml">
                     <xpath expr="//group[@name='stock_property']" position="after">

                            <group>
                                <field name="x_cbm_volume"/>
                                <field name="x_packaging_quantity"/>
                            </group>

                    </xpath>
                </field>
            </record>

    </data>
</openerp>