<?xml version="1.0" encoding="utf-8"?>
<openerp>
    <data>

        <template id="suggested_products_list" inherit_id="website_sale.cart_lines" customize_show="True" name="Suggested Products in my cart">

            <xpath expr="//th[@class='text-center']" position="after">
                <th width="90" class="text-center">Gross Weight</th>
                <th width="90" class="text-center">CBM Value</th>
                <th width="80" class="text-center">Package</th>
            </xpath>
              <xpath expr="//td[@id='td-price']" position="before">

                        <td class="text-center" id="td-weight" name="weight">
                        <span t-field="line.product_id.weight"/>
                        </td>
                  <td class="text-center" id="td-volume" name="volume">
                        <span t-field="line.product_id.x_cbm_volume"/>
                        </td>
                  <td class="text-center" id="td-package" name="package">
                        <span t-field="line.product_id.x_packaging_quantity"/>
                        </td>
            </xpath>
        </template>


    </data>
</openerp>
