<?xml version="1.0" encoding="utf-8"?>
<openerp>
    <data>


        <record id="partner_data_form_view" model="ir.ui.view">
            <field name="model">res.partner</field>
            <field name="inherit_id" ref="base.view_partner_form"/>
            <field name="view_type">form</field>
            <field name="arch" type="xml">
                <field name="street2" position="after">
                    <field name="district" placeholder="District/Agency"/>
                    <field name="tehsil" placeholder="Tehsil"/>
                    <field name="uc" placeholder="UC"/>
                    <field name="area" placeholder="Area"/>
                    <field name="sub_area" placeholder="Sub Area"/>
                </field>
            </field>
        </record>
    </data>
</openerp>