<?xml version="1.0" encoding="UTF-8"?>
<openerp>
    <data>


        <record id="event_data_form_view" model="ir.ui.view">
            <field name="model">event.event</field>
            <field name="inherit_id" ref="event.view_event_form"/>
            <field name="view_type">form</field>
            <field name="arch" type="xml">
                <field name="address_id" position="attributes">
                    <attribute name="string">Site</attribute>
                </field>
                <field name="organizer_id" position="after">
                    <field name="x_trainer_id"/>
                </field>
                <field name="email" position="attributes">
                    <attribute name="invisible">True</attribute>
                </field>
                <field name="nb_register" position="attributes">
                    <attribute name="invisible">True</attribute>
                </field>
                <field name="phone" position="replace">
                    <field name="x_time_in"/>
                    <field name="x_time_out"/>
                </field>
                <group>
                    <group string="Site Details">
                        <field name="x_ship_to" string="Ship to"/>
                        <field name="x_territory_manager" string="Territory Manager"/>
                        <field name="x_shift" string="Shift"/>
                        <field name="x_shift_cut_out_time" string="Shift Cut out Time"/>
                    </group>
                </group>
                <xpath expr="//page[@string='Event Details']" position="after">
                    <page string="Key Challenges/Risks">
                        <label string="Noted at Site"  style = "font-weight:bold; font-size:16px;"/>
                         <field name='x_noted_at_site' string="Noted at Site"/>
                        <label string="Within Service Champions"  style = "font-weight:bold; font-size:16px;"/>
                         <field name='x_within_service_champions' string="Within Service Champions"/>
                    </page>
                    <page string="Recommendations">
                        <label string="For Site"  style = "font-weight:bold; font-size:16px;"/>
                         <field name='x_for_site'/>
                        <label string="For Service Champions"  style = "font-weight:bold; font-size:16px;"/>
                         <field name='x_for_service_champions'/>
                    </page>
                </xpath>
            </field>
        </record>

        <record id="event_registration_form_view" model="ir.ui.view">
            <field name="model">event.registration</field>
            <field name="inherit_id" ref="event.view_event_registration_form"/>
            <field name="view_type">form</field>
            <field name="arch" type="xml">
                <field name="name" position="attributes">
                    <attribute name="invisible">True</attribute>
                </field>
                <field name="phone" position="attributes">
                    <attribute name="invisible">True</attribute>
                </field>
                <field name="email" position="attributes">
                    <attribute name="invisible">True</attribute>
                </field>

                    <group>
                         <group string = "Salary and Experience Ranges">
                             <field name="x_salary_range"/>
                             <field name="x_exp_range"/>
                         </group>
                         <group string = "Training Score">
                             <field name="x_pre_training"/>
                             <field name="x_post_training"/>
                         </group>
                         <group string = "Time in/Time out">
                             <field name="x_time_in"/>
                             <field name="x_time_out"/>
                         </group>
                   </group>
            </field>
        </record>

        <record id="event_registration_tree_view" model="ir.ui.view">
            <field name="model">event.registration</field>
            <field name="inherit_id" ref="event.view_event_registration_tree"/>
            <field name="view_type">tree</field>
            <field name="arch" type="xml">
                <field name="name" position="attributes">
                    <attribute name="invisible">True</attribute>
                </field>
                <field name="email" position="attributes">
                    <attribute name="invisible">True</attribute>
                </field>
                <field name="partner_id" position="after">
                    <field name="x_time_in"/>
                    <field name="x_time_out"/>
                </field>
            </field>
        </record>


    </data>
</openerp>