<?xml version="1.0" encoding="utf-8"?>
<openerp>
	<data noupdate="1">

		<record id="filter_service_product" model="ir.filters">
			<field name="name">Service Products</field>
			<field name="model_id">product.template</field>
			<field name="domain">[[u'type', u'=', 'service']]</field>
			<field name="user_id" eval="False" />
			<field name="context">{}</field>
		</record>

		<record id="filter_sellable_product" model="ir.filters">
			<field name="name">Sellable Products</field>
			<field name="model_id">product.template</field>
			<field name="domain">[[u'sale_ok', u'=', 1]]</field>
			<field name="user_id" eval="False" />
			<field name="context">{}</field>
		</record>

		<record id="filter_new_product" model="ir.filters">
			<field name="name">New Product</field>
			<field name="model_id">product.template</field>
			<field name="domain">[['is_new','=',True]]</field>
			<field name="user_id" eval="False" />
			<field name="context">{}</field>
		</record>

		<record id="filter_on_sale_product" model="ir.filters">
			<field name="name">On Sale Products</field>
			<field name="model_id">product.template</field>
			<field name="domain">[[u'is_on_sale', u'=', True]]</field>
			<field name="user_id" eval="False" />
			<field name="context">{}</field>
		</record>

		<record id="filter_service_product" model="ir.filters">
			<field name="name">Service Product</field>
			<field name="model_id">product.template</field>
			<field name="domain">[[u'type', u'=', u'service']]</field>
			<field name="user_id" eval="False" />
			<field name="context">{}</field>
		</record>

		<record id="filter_trending_product" model="ir.filters">
			<field name="name">Trending Products</field>
			<field name="model_id">product.template</field>
			<field name="domain">[[u'is_trending', u'=', True]]</field>
			<field name="user_id" eval="False" />
			<field name="context">{}</field>
		</record>


	</data>
</openerp>