<?xml version="1.0" encoding="UTF-8"?>  
       
<templates id="template" xml:space="preserve">
    
   <t t-extend='ClientListScreenWidget'>
        <t t-jquery='.client-list thead tr' t-operation='append'>
            <th>Orders</th>
        </t>
    </t>
    <t t-extend='ClientLine'>
        <t t-jquery='.client-line' t-operation='append'>
            <td>
                <button class="view_all_order" t-att-id='partner.id'><i class="fa fa-filter"></i> View orders</button>
            </td>
        </t>
    </t>
   <t t-name="OrderListButton">
        <span class="control-button order-split">
            <i class="fa fa-copy"></i>
            All Orders
        </span>
    </t>
    <t t-name="WkOrderLine">
        <tr class="order-line" t-att-data-id='order_list.id'>
            <td><t t-esc='order_list.name' /></td>           
            <td><t t-esc='order_list.partner_id[1] or "-"' /></td>
            <td><t t-esc='order_list.date_order' /></td>
        </tr>
    </t>
    <t t-name="OrderListScreenWidget">
        <div class='splitbill-screen screen'>
            <div class='screen-content'>
                <div class='top-content'>
                    <span class='button back'>
                        <i class='fa fa-angle-double-left'></i>
                        Back
                    </span>
                    <span class="searchbox">
                        <input placeholder="Search Orders" class="order_search"/>
                        <span class="search-clear"></span>
                    </span>
                    
                </div>
	            <div  class="wk_table_body">
			       	<table class='wk_order_table'>
			            <thead>
				            <tr>
				                <th>Order Ref</th>
				                <th>Customer</th>
				                <th>Order Date</th>
				            </tr>
			            </thead>
				        <tbody class='order-list-contents'>
				        </tbody>
					</table>
				</div>
            </div>
        </div>
    </t>
</templates>

    
