<?xml version="1.0" encoding="UTF-8"?>
<openerp>
  <data>
    <!--
==============================================
Invoice (invoice > invoice) 
generated 2009-07-11 14:55:52+02
==============================================
-->
    <record model="ir.ui.view" id="chricar_invoice_form">
      <field name="name">chricar.invoice.form</field>
      <field name="model">chricar.invoice</field>
      <field name="priority">1</field>
      <field name="type">form</field>
      <field name="arch" type="xml">
        <form string="Invoice">
          <field name="name" />
          <field name="amount" />
          <field name="date_document" />
          <field name="amount_quote" />
          <field name="partner_id" />
          <field name="ref" />
          <field name="top_id" />
          <field name="room_id" />
          <notebook colspan="4">
            <page string="Invoice">
              <field name="note" />
            </page>
          </notebook>
        </form>
      </field>
    </record>
    <record model="ir.ui.view" id="chricar_invoice_list">
      <field name="name">chricar.invoice.list</field>
      <field name="model">chricar.invoice</field>
      <field name="priority">1</field>
      <field name="type">tree</field>
      <field name="arch" type="xml">
        <tree string="Invoice" editable="top">
          <field name="date_document"/>
          <field name="name"/>
          <field name="amount" sum="Amount"/>
          <field name="amount_quote" sum="Amount Quote"/>
          <field name="top_id"/>
          <field name="room_id"/>
          <field name="partner_id"/>
          <field name="ref"/>
          <field name="note"/>
        </tree>
      </field>
    </record>
    <record model="ir.actions.act_window" id="chricar_invoice_act1">
      <field name="name">Invoice</field>
      <field name="res_model">chricar.invoice</field>
      <field name="view_type">form</field>
      <field name="view_mode">tree,form</field>
      <field name="view_id" ref="chricar_invoice_list"/>
    </record>
    <record model="ir.actions.act_window.view" id="chricar_invoice_act1_view2">
      <field name="sequence" eval="1"/>
      <field name="view_mode">tree</field>
      <field name="view_id" ref="chricar_invoice_list"/>
      <field name="act_window_id" ref="chricar_invoice_act1"/>
    </record>
    <record model="ir.actions.act_window.view" id="chricar_invoice_act1_view1">
      <field name="sequence" eval="2"/>
      <field name="view_mode">form</field>
      <field name="view_id" ref="chricar_invoice_form"/>
      <field name="act_window_id" ref="chricar_invoice_act1"/>
    </record>
    <menuitem
      action="chricar_invoice_act1"
      id="menu_chricar_invoice_list"
      parent="chricar_top.menu_chricar_real_estate"
      sequence="40"/>
    <!--
==============================================
Modification of Parents (only for matching table prefixes)
==============================================
-->
    <record model="ir.ui.view" id="chricar_room_invoice_form1">
      <field name="name">chricar.room.form1</field>
      <field name="model">chricar.room</field>
      <field name="inherit_id" ref="chricar_room.chricar_room_form"/>
      <field name="priority" eval="20"/>
      <field name="arch" type="xml">
        <notebook>
          <page string="Invoice">
            <field name="invoice_ids" widget="one2many_list" colspan="4" nolabel="1">
              <tree string="Invoice" editable="top">
                <field name="date_document" />
                <field name="name" />
                <field name="amount"  sum="Amount"/>
                <field name="amount_quote"  sum="Amount Quote"/>
                <field name="top_id" />
                <field name="partner_id" />
                <field name="ref" />
                <field name="note" />
              </tree>
              <form string="Invoice">
                <field name="name" />
                <field name="amount" />
                <field name="date_document" />
                <field name="amount_quote" />
                <field name="partner_id" />
                <field name="ref" />
                <field name="top_id" />
                <field name="top_id" />
                <notebook colspan="4">
                  <page string="Invoice">
                    <field name="note" />
                  </page>
                </notebook>
              </form>
            </field>
          </page>
        </notebook>
      </field>
    </record>
    <record model="ir.ui.view" id="chricar_top_invoice_form1">
      <field name="name">chricar.top.form1</field>
      <field name="model">chricar.top</field>
      <field name="inherit_id" ref="chricar_top.chricar_top_form"/>
      <field name="priority" eval="60"/>
      <field name="arch" type="xml">
        <notebook>
          <page string="Invoice">
            <field name="invoice_ids" widget="one2many_list" colspan="4" nolabel="1">
              <tree string="Invoice" editable="top">
                <field name="date_document"/>
                <field name="name"/>
                <field name="amount" sum="Amount"/>
                <field name="amount_quote" sum="Amount Quote"/>
                <field name="room_id"/>
                <field name="partner_id"/>
                <field name="ref"/>
                <field name="note"/>
              </tree>
              <form string="Invoice">
                <field name="name" />
                <field name="amount" />
                <field name="date_document" />
                <field name="amount_quote" />
                <field name="partner_id" />
                <field name="ref" />
                <field name="room_id" />
                <notebook colspan="4">
                  <page string="Invoice">
                    <field name="note"/>
                  </page>
                </notebook>
              </form>
            </field>
          </page>
        </notebook>
      </field>
    </record>
  </data>
</openerp>
