<?xml version="1.0" encoding="UTF-8"?>
<openerp>
    <data>


        <record id="event_data_form_view" model="ir.ui.view">
            <field name="model">event.event</field>
            <field name="inherit_id" ref="event.view_event_form"/>
            <field name="view_type">form</field>
            <field name="arch" type="xml">
                <field name="address_id" position="replace">
                    <field name="address_id" widget = "selection"/>
                </field>
                <field name="address_id" position="attributes">
                    <attribute name="string">Site</attribute>
                </field>
                <field name="organizer_id" position="after">
                    <field name="x_trainer_id" widget = "selection"/>
                </field>
                <field name="email" position="attributes">
                    <attribute name="invisible">True</attribute>
                </field>
                <field name="organizer_id" position="attributes">
                    <attribute name="invisible">True</attribute>
                </field>
                <field name="date_tz" position="attributes">
                    <attribute name="invisible">True</attribute>
                </field>
                <field name="company_id" position="attributes">
                    <attribute name="invisible">True</attribute>
                </field>
                <field name="user_id" position="attributes">
                    <attribute name="invisible">True</attribute>
                </field>
                <field name="nb_register" position="attributes">
                    <attribute name="invisible">True</attribute>
                </field>
                <field name="type" position="after">
                    <field name="x_event_date"/>
                </field>
                <group>
                    <group string="Site Details">
                        <field name="x_ship_to" string="Ship to"/>
                        <field name="x_territory_manager" string="Territory Manager"/>
                        <field name="x_shift" string="Shift"/>
                        <field name="x_shift_cut_out_time" string="Shift Cut out Time"/>
                    </group>
                </group>
                 <xpath expr="//page[@string='Event Details']" position="attributes">
                        <attribute name='invisible'>1</attribute>
                </xpath>
                 <xpath expr="//page[@string='Registrations']" position="attributes">
                        <attribute name='invisible'>1</attribute>
                </xpath>
                <xpath expr="//page[@string='Event Details']" position="after">
                    <page string="PPES Availability">
                        <form>
                            <group>
                                <field name="x_safty_helmet" widget="radio"  string="Safety Helmet"/>
                                <field name="x_safty_glasses" widget="radio"  string="Saefty Glasses"/>
                                <field name="x_safty_jacket" widget="radio" string="Safety Jacket"/>
                                <field name="x_safty_gloves" widget="radio" string="Safety Gloves"/>
                                <field name="x_safty_shoes" widget="radio" string="Safety Shoes"/>
                                <field name="x_torch" widget="radio" string="Torch"/>
                                <field name="x_total_ppes" placeholder="e.g. 3" string="Total PPES available at Site"/>
                                <field name='x_trainer_remarks'/>
                            </group>
                        </form>
                    </page>
                    <page string="Key Challenges/Risks">
                        <label string="Noted at Site"  style = "font-weight:bold; font-size:16px;"/>
                         <field name='x_noted_at_site' string="Noted at Site"/>
                        <label string="Within Service Champions"  style = "font-weight:bold; font-size:16px;"/>
                         <field name='x_within_service_champions' string="Within Service Champions"/>
                    </page>
                    <page string="Recommendations">
                        <label string="For Site"  style = "font-weight:bold; font-size:16px;"/>
                         <field name='x_for_site'/>
                        <label string="For Service Champions"  style = "font-weight:bold; font-size:16px;"/>
                         <field name='x_for_service_champions'/>
                    </page>
                </xpath>
            </field>
        </record>

        <record id="event_registration_form_view" model="ir.ui.view">
            <field name="model">event.registration</field>
            <field name="inherit_id" ref="event.view_event_registration_form"/>
            <field name="view_type">form</field>
            <field name="arch" type="xml">
                <field name="partner_id" position="attributes">
                    <attribute name="string">Service Champion Name</attribute>
                </field>
                <field name="name" position="attributes">
                    <attribute name="invisible">True</attribute>
                </field>
                <field name="date_closed" position="after">
                    <field name="x_session_attended"/>
                    <field name="x_additional_duties"/>
                    <field name="x_disability"/>
                </field>
                <field name="phone" position="attributes">
                    <attribute name="invisible">True</attribute>
                </field>
                <field name="nb_register" position="attributes">
                    <attribute name="invisible">True</attribute>
                </field>
                <field name="user_id" position="attributes">
                    <attribute name="invisible">True</attribute>
                </field>
                <field name="create_date" position="attributes">
                    <attribute name="invisible">True</attribute>
                </field>
                <field name="date_closed" position="attributes">
                    <attribute name="invisible">True</attribute>
                </field>
                <field name="email" position="attributes">
                    <attribute name="invisible">True</attribute>
                </field>

                    <group>
                         <group string = "Salary and Experience Ranges">
                             <field name="x_salary_range"/>
                             <field name="x_exp_range"/>
                             <label for="x_age_range"/>
                                <div>
                                     <field name="x_age_range" class="oe_inline"/> <label string="Year(s)" class="oe_inline"/>
                                </div>
                             <field name="x_smart_phone_availability"/>
                         </group>
                         <group string = "Training Score">
                             <field name="x_pre_training"/>
                             <field name="x_post_training"/>
                             <field name="x_training_avaluation"/>
                         </group>
                   </group>
            </field>
        </record>

        <record id="event_registration_tree_view" model="ir.ui.view">
            <field name="model">event.registration</field>
            <field name="inherit_id" ref="event.view_event_registration_tree"/>
            <field name="view_type">tree</field>
            <field name="arch" type="xml">
                <field name="name" position="attributes">
                    <attribute name="invisible">True</attribute>
                </field>
                <field name="email" position="attributes">
                    <attribute name="invisible">True</attribute>
                </field>
            </field>
        </record>


    </data>
</openerp>