<?xml version="1.0" encoding="UTF-8"?>
<openerp>
  <data>
    <!--
==============================================
Equipment (equipment > equipment) 
generated 2009-07-11 14:41:58+02
==============================================
-->
    <record model="ir.ui.view" id="chricar_equipment_form">
      <field name="name">chricar.equipment.form</field>
      <field name="model">chricar.equipment</field>
      <field name="priority">1</field>
      <field name="type">form</field>
      <field name="arch" type="xml">
        <form string="Equipment">
          <group string="General" colspan="2" col="2">
            <field name="name" />
            <field name="date_from" />
            <field name="date_to" />
            <field name="room_id" />
            <field name="lease" />
          </group>
          <group string="Service" colspan="2" col="2">
            <field name="contract" />
            <field name="date_contract" />
            <field name="date_service_last" />
            <field name="date_service_next" />
            <field name="partner_id" />
            <field name="notice_period" />
          </group>
          <notebook colspan="4">
            <page string="Equipment">
              <field name="note"  colspan="4"/>
            </page>
          </notebook>
        </form>
      </field>
    </record>
    <record model="ir.ui.view" id="chricar_equipment_list">
      <field name="name">chricar.equipment.list</field>
      <field name="model">chricar.equipment</field>
      <field name="priority">1</field>
      <field name="type">tree</field>
      <field name="arch" type="xml">
        <tree string="Equipment" editable="top">
          <field name="name" />
          <field name="date_from" />
          <field name="date_to" />
          <field name="contract" />
          <field name="date_contract" />
          <field name="date_service_last" />
          <field name="date_service_next" />
          <field name="partner_id" />
          <field name="room_id" />
          <field name="top_id" />
          <field name="lease" />
          <field name="notice_period" />
          <field name="note" />
        </tree>
      </field>
    </record>
    <record model="ir.actions.act_window" id="chricar_equipment_act1">
      <field name="name">Equipment</field>
      <field name="res_model">chricar.equipment</field>
      <field name="view_type">form</field>
      <field name="view_mode">tree,form</field>
      <field name="view_id" ref="chricar_equipment_list"/>
    </record>
    <record model="ir.actions.act_window.view" id="chricar_equipment_act1_view2">
      <field name="sequence" eval="1"/>
      <field name="view_mode">tree</field>
      <field name="view_id" ref="chricar_equipment_list"/>
      <field name="act_window_id" ref="chricar_equipment_act1"/>
    </record>
    <record model="ir.actions.act_window.view" id="chricar_equipment_act1_view1">
      <field name="sequence" eval="2"/>
      <field name="view_mode">form</field>
      <field name="view_id" ref="chricar_equipment_form"/>
      <field name="act_window_id" ref="chricar_equipment_act1"/>
    </record>
    <menuitem
      action="chricar_equipment_act1"
      id="menu_chricar_equipment_list"
      parent="chricar_top.menu_chricar_real_estate"
      sequence="30"/>
    <!--
==============================================
Modification of Parents (only for matching table prefixes)
==============================================
-->
    <record model="ir.ui.view" id="chricar_room_equipment_form1">
      <field name="name">chricar.room.form1</field>
      <field name="model">chricar.room</field>
      <field name="inherit_id" ref="chricar_room.chricar_room_form"/>
      <field name="priority" eval="10"/>
      <field name="arch" type="xml">
        <notebook>
          <page string="Equipment">
            <field name="equipment_ids" widget="one2many_list" colspan="4" nolabel="1">
              <tree string="Equipment" editable="top">
                <field name="name" />
                <field name="date_from" />
                <field name="date_to" />
                <field name="contract" />
                <field name="date_contract" />
                <field name="date_service_last" />
                <field name="date_service_next" />
                <field name="partner_id" />
                <field name="top_id" />
                <field name="lease" />
                <field name="notice_period" />
                <field name="note" />
              </tree>
              <form string="Equipment">
                <group string="General" colspan="2" col="2">
                  <field name="name" />
                  <field name="date_from" />
                  <field name="date_to" />
                  <field name="room_id" />
                  <field name="lease" />
                </group>
                <group string="Service" colspan="2" col="2">
                  <field name="contract" />
                  <field name="date_contract" />
                  <field name="date_service_last" />
                  <field name="date_service_next" />
                  <field name="partner_id" />
                  <field name="notice_period" />
                </group>
                <separator string="Notes" colspan="4"/>
                <field name="note"  colspan="4" nolabel="1"/>
              </form>
            </field>
          </page>
        </notebook>
      </field>
    </record>
    <record model="ir.ui.view" id="chricar_top_equipment_form1">
      <field name="name">chricar.top.form1</field>
      <field name="model">chricar.top</field>
      <field name="inherit_id" ref="chricar_top.chricar_top_form"/>
      <field name="priority" eval="80"/>
      <field name="arch" type="xml">
        <notebook>
          <page string="Equipment">
            <field name="equipment_ids" widget="one2many_list" colspan="4" nolabel="1">
              <tree string="Equipment" editable="top">
                <field name="name" />
                <field name="date_from" />
                <field name="date_to" />
                <field name="date_service_last" />
                <field name="date_service_next" />
                <field name="contract" />
                <field name="date_contract" />
                <field name="partner_id" />
                <field name="room_id"  domain="[('top_id','=',parent.id)]"/>
                <field name="notice_period" />
                <field name="lease" />
                <field name="note" />
              </tree>
              <form string="Equipment">
                <group string="General" colspan="2" col="2">
                  <field name="name" />
                  <field name="date_from" />
                  <field name="date_to" />
                <field name="room_id"  domain="[('top_id','=',parent.id)]"/>
                  <field name="lease" />
                </group>
                <group string="Service" colspan="2" col="2">
                  <field name="contract" />
                  <field name="date_contract" />
                  <field name="date_service_last" />
                  <field name="date_service_next" />
                  <field name="partner_id" />
                  <field name="notice_period" />
                </group>
                <separator string="Notes" colspan="4"/>
                <field name="note"  colspan="4" nolabel="1"/>
              </form>
            </field>
          </page>
        </notebook>
      </field>
    </record>
  </data>
</openerp>
