<?xml version="1.0" encoding="UTF-8"?>
<openerp>
    <data>

        <record id="job_position_data_form_view" model="ir.ui.view">
            <field name="model">hr.job</field>
            <field name="inherit_id" ref="hr.view_hr_job_form"/>
            <field name="view_type">form</field>
            <field name="arch" type="xml">
                <field name="department_id" position="after">
                        <field name="x_sanctioned_opsition"/>
                </field>
            </field>
        </record>

        <record id="job_position_tree_view" model="ir.ui.view">
            <field name="model">hr.job</field>
            <field name="inherit_id" ref="hr.view_hr_job_tree"/>
            <field name="view_type">tree</field>
            <field name="arch" type="xml">
                <field name="no_of_employee" position="attributes">
                    <attribute name="string">Current Employees</attribute>
                </field>
                <field name="no_of_recruitment" position="attributes">
                    <attribute name="string">Total Santioned Positions</attribute>
                </field>
                <field name="expected_employees" position="attributes">
                    <attribute name="string">Expected Employees</attribute>
                </field>
                <field name="no_of_hired_employee" position="attributes">
                    <attribute name="string">Hired Employees</attribute>
                </field>
            </field>
        </record>

    </data>
</openerp>