<?xml version="1.0" encoding="UTF-8"?>
<templates id="template" xml:space="preserve">
	
	

    <t t-extend="Product" >
        <t t-jquery=".product-img" t-operation="replace">
            <div class="product-img">
                <img t-att-src='image_url' /> 
                <t t-if="!product.to_weight">
                    <span class="price-tag">
                        <t t-if="product.price != product.list_price and product.price != false">
                            <span style="text-decoration: line-through;">
                                <t t-esc="widget.format_currency(product.list_price,'Product Price')"/>
                            </span>
                            <br/>                            
                        </t>
                        <t t-if="product.price != product.list_price">
                           <span style="color: red;">
                            <t t-esc="widget.format_currency(product.price,'Product Price')"/>
                            </span>                           
                        </t>
                        <t t-if="product.price == product.list_price">
                            <span >
                                <t t-esc="widget.format_currency(product.price,'Product Price')"/>
                            </span>
                            <br/>                            
                        </t>                        
                    </span>
                </t>
                <t t-if="product.to_weight">
                    <span class="price-tag">
                        <t t-if="product.price != product.list_price and product.price != false">
                            <span style="text-decoration: line-through;">
                                <t t-esc="widget.format_currency(product.list_price,'Product Price')+'/Kg'"/>
                            </span>
                            <br/>                            
                        </t>
                        <t t-if="product.price != product.list_price">
                           <span style="color: red;">
                                <t t-esc="widget.format_currency(product.price,'Product Price')+'/Kg'"/>
                            </span>                           
                        </t>
                        <t t-if="product.price == product.list_price">
                            <span >
                                <t t-esc="widget.format_currency(product.price,'Product Price')+'/Kg'"/>
                            </span>
                            <br/>                            
                        </t>                        
                    </span>
                </t>
            </div>
        </t>        
    </t>

    <t t-extend="PosTicket" >
        <t t-jquery=".pos-sale-ticket table tr[t-foreach='orderlines']" t-operation="replace">
          
                <tr t-foreach="orderlines" t-as="orderline">
                    <td>
                        <t t-esc="orderline.get_product().display_name"/>
                         <t t-if="orderline.get_discount() > 0">
                            <div class="pos-disc-font">
                                With a <t t-esc="orderline.get_discount()"/>% discount
                            </div>
                        </t>
                    </td>
                    <td class="pos-center-align">
                        <t t-esc="orderline.get_quantity_str_with_unit()"/>
                    </td>
                    <td class="pos-right-align">

                        <t t-if="orderline.get_display_price() != orderline.get_product().list_price and orderline.get_display_price() != false">
                            <span style="text-decoration: line-through;">
                                <span t-esc="orderline.get_product().list_price * orderline.get_quantity()"/>
                               
                            </span>
                        </t>
                        <t t-if="orderline.get_display_price() != orderline.get_product().list_price">
                           <span style="color: red;">
                            <t t-esc="widget.format_currency(orderline.get_display_price(),'Product Price')"/>
                            </span>                           
                        </t>
                        <t t-if="orderline.get_display_price() == orderline.get_product().list_price">
                            <span >
                                <t t-esc="widget.format_currency(orderline.get_display_price(),'Product Price')"/>
                            </span>
                            <br/>                            
                        </t>
                         
                    </td>
                </tr>
           
        </t>        
    </t>



</templates>

