<?xml version="1.0" encoding="UTF-8"?>
<openerp>
  <data>
    <!--
==============================================
Real Estate Top (top > top)
generated 2009-07-09 16:17:22+02
==============================================
-->
    <menuitem
      id="menu_chricar_real_estate"
      name="Real Estate"
      parent="base.menu_base_partner"
      groups="chricar_top.group_real_estate"
      sequence="28"/>

    <record model="ir.ui.view" id="chricar_top_form">
      <field name="name">chricar.top.form</field>
      <field name="model">chricar.top</field>
      <field name="priority">1</field>
      <field name="type">form</field>
      <field name="arch" type="xml">
        <form string="Real Estate Top">
          <group colspan="2" col="4">
            <field name="location_id"  colspan="4"/>
            <field name="sequence"/>
            <field name="active"/>
          </group>
          <group colspan="2" col="2">
            <field name="partner_id"/>
            <group colspan="2" col="4">
              <field name="partner_from"/>
              <field name="partner_to"/>
            </group>
          </group>
          <group colspan="4" col="6">
            <field name="account_analytic_id" colspan="6"/>
          </group>
          <group colspan="4" col="5">
            <group string="General" colspan="1" col="2">
              <field name="name"/>
              <field name="staircase"/>
              <field name="floor"/>
              <field name="surface"/>
              <field name="usage"/>
              <field name="category"/>
              <field name="rooms"/>
            </group>
            <group string="Calculation" colspan="1" col="2">
              <field name="ref_top" invisible="1"/>
              <field name="old_building"/>
              <field name="operating_cost"/>
              <field name="lease_target"/>
            </group>
            <group string="Technical" colspan="1" col="2">
              <field name="heating"/>
              <field name="heating_source"/>
              <field name="air_condition"/>
              <field name="solar_heating"/>
              <field name="solar_electric"/>
              <field name="alarm"/>
              <field name="lift"/>
              <field name="constructed"/>
            </group>
            <group string="Communication" colspan="1" col="2">
              <field name="telephon"/>
              <field name="tv_cable"/>
              <field name="tv_sat"/>
              <field name="internet"/>
            </group>
            <group string="Other" colspan="1" col="2">
              <field name="garage"/>
              <field name="carport"/>
              <field name="parking_place_rentable"/>
              <field name="balcony"/>
              <field name="terrace"/>
              <field name="garden"/>
              <field name="handicap"/>
            </group>
          </group>
          <notebook colspan="4">
            <page string="invisible" invisible="1"/>
          </notebook>
        </form>
      </field>
    </record>


    <record model="ir.ui.view" id="chricar_top_base_pages_form">
      <field name="name">chricar.top.base_pages.form</field>
      <field name="model">chricar.top</field>
      <field name="inherit_id" ref="chricar_top_form"/>
      <field name="priority" eval="20"/>
      <field name="arch" type="xml">
        <notebook>
          <page string="Notes">
            <field name="note" colspan="4" nolabel="1"/>
            <separator string="Notes Sales Folder" colspan="1"/>
            <field name="note_sales" colspan="4" nolabel="1"/>
          </page>
          <page string="Blueprint">
            <!--
               <field name="blueprint"  colspan="4" nolabel="1" width="600" height="600" widget="image"/>
            -->
            <group colspan="1">
              <field name="blueprint" colspan="3" nolabel="1" img_width="550" img_height="550" width="550" height="550" widget="image"/>
            </group>
            <group colspan="1" col="1">
              <separator string="Description" colspan="1"/>
              <field name="description" colspan="1" nolabel="1"/>
            </group>
          </page>
          <page string="Costs">
            <field name="top_cost_ids" widget="one2many_list" colspan="2" nolabel="1">
              <tree string="Costs" >
                <field name="seq"/>
                <field name="account_id"/>
                <field name="account_tax_id"/>
                <field name="name" sum="Sum Net"/>
                <field name="amount_tax" sum="Sum Tax"/>
                <field name="amount" sum="Total"/>
              </tree>
              <form string="Costs" >
                <field name="account_id"/>
                <field name="account_tax_id"/>
                <field name="name" sum="Sum Net"/>
                <field name="amount_tax" sum="Sum Tax"/>
                <field name="amount" sum="Total"/>
              </form>
              <group colspan="2">
                <label string="nothing"/>
              </group>
            </field>
          </page>
          <page string="Analytics">
            <field name="analytic_line_ids" widget="one2many_list" colspan="4" nolabel="1">
              <tree string="Invoice lines">
                <field name="date"/>
                <field name="name"/>
                <field name="amount" sum="Total"/>
                <field name="general_account_id"/>
              </tree>
              <form string="Invoice lines">
                <field name="date"/>
                <field name="name"/>
                <field name="amount"/>
                <field name="general_account_id"/>
              </form>
            </field>
          </page>
        </notebook>
      </field>
    </record>

    <record model="ir.ui.view" id="chricar_top_list">
      <field name="name">chricar.top.list</field>
      <field name="model">chricar.top</field>
      <field name="priority">1</field>
      <field name="type">tree</field>
      <field name="arch" type="xml">
        <tree string="Real Estate Top" >
          <field name="location_id"/>
          <field name="sequence"/>
          <field name="name"/>
          <field name="partner_id"/>
          <field name="usage"/>
          <field name="surface" sum="Total Surface"/>
          <field name="operating_cost"/>
          <field name="lease_target"/>
          <field name="staircase"/>
          <field name="floor"/>
          <field name="lift"/>
          <field name="category"/>
          <field name="old_building"/>
          <field name="handicap"/>
          <field name="parking_place_rentable"/>
        </tree>
      </field>
    </record>
    <record id="chricar_top_filter" model="ir.ui.view">
      <field name="name">chricar.top.list.filter</field>
      <field name="model">chricar.top</field>
      <field name="type">search</field>
      <field name="arch" type="xml">
         <search string="Top Search">
            <group>
                <field name="location_id"/>
                <field name="name"/>
                <field name="partner_id"/>
                <field name="usage"/>
            </group>
            <newline/>
            <group expand="0" string="Group By...">
                <filter string="Loaction" domain="[]" context="{'group_by':'location_id'}"/>
                <filter string="Partner" domain="[]"  context="{'group_by':'partner_id'}"/>
                <filter string="Usage" domain="[]"  context="{'group_by':'usage'}"/>
            </group>
        </search>
      </field>
    </record>
    <record model="ir.actions.act_window" id="chricar_top_act1">
      <field name="name">Top</field>
      <field name="res_model">chricar.top</field>
      <field name="view_type">form</field>
      <field name="view_mode">tree,form</field>
      <field name="view_id" ref="chricar_top_list"/>
      <field name="search_view_id" ref="chricar_top_filter"/>
    </record>
    <record model="ir.actions.act_window.view" id="chricar_top_act1_view2">
      <field name="sequence" eval="1"/>
      <field name="view_mode">tree</field>
      <field name="view_id" ref="chricar_top_list"/>
      <field name="act_window_id" ref="chricar_top_act1"/>
    </record>
    <record model="ir.actions.act_window.view" id="chricar_top_act1_view1">
      <field name="sequence" eval="2"/>
      <field name="view_mode">form</field>
      <field name="view_id" ref="chricar_top_form"/>
      <field name="act_window_id" ref="chricar_top_act1"/>
    </record>
    <menuitem
      action="chricar_top_act1"
      id="menu_chricar_top_list"
      parent="chricar_top.menu_chricar_real_estate"
      sequence="20"/>
    <!-- FIXME
    <act_window
      domain="[('ref_ref2', 'like', '-' + 'chricar.top,' + str(active_id) + '-'),('state','&lt;&gt;','done'),('state','&lt;&gt;','cancel'),('state','&lt;&gt;','pending')]"
      id="act_crm_top_crm_case_open"
      name="Open Cases"
      res_model="crm.case"
      src_model="chricar.top"
      view_mode="tree,form,calendar"
      view_type="form"/>
        -->
    <act_window
      domain="[('location_id', '=', active_id)]"
      id="act_location_2_top"
      name="Real Estate"
      res_model="chricar.top"
      src_model="stock.location"
      view_mode="tree,form"
      view_type="form"/>
    <!-- temporary workaround -->
    <record model="ir.ui.view" id="chricar_top_list_web">
      <field name="name">chricar.top.list_web</field>
      <field name="model">chricar.top</field>
      <field name="priority">1</field>
      <field name="type">tree</field>
      <field name="arch" type="xml">
        <tree string="Real Estate Top" >
          <field name="location_id"/>
          <field name="sequence"/>
          <field name="name"/>
          <field name="partner_id"/>
          <field name="usage"/>
          <field name="surface" sum="Total Surface"/>
          <field name="lease_target"/>
          <field name="staircase"/>
          <field name="floor"/>
          <field name="lift"/>
          <field name="category"/>
          <field name="old_building"/>
          <field name="handicap"/>
          <field name="parking_place_rentable"/>
        </tree>
      </field>
    </record>
    <record model="ir.actions.act_window" id="chricar_top_act1_web">
      <field name="name">Top (Test)</field>
      <field name="res_model">chricar.top</field>
      <field name="view_type">form</field>
      <field name="view_mode">tree,form</field>
      <field name="search_view_id" ref="chricar_top_filter"/>
      <field name="view_id" ref="chricar_top_list_web"/>
    </record>
    <record model="ir.actions.act_window.view" id="chricar_top_act1_view2_web">
      <field name="sequence" eval="1"/>
      <field name="view_mode">tree</field>
      <field name="view_id" ref="chricar_top_list_web"/>
      <field name="act_window_id" ref="chricar_top_act1_web"/>
    </record>
    <record model="ir.actions.act_window.view" id="chricar_top_act1_view1_web">
      <field name="sequence" eval="2"/>
      <field name="view_mode">form</field>
      <field name="view_id" ref="chricar_top_form"/>
      <field name="act_window_id" ref="chricar_top_act1_web"/>
    </record>
    
    <!--
    <menuitem
      action="chricar_top_act1_web"
      id="menu_chricar_top_list_web"
      parent="chricar_top.menu_chricar_real_estate"
          sequence="10"/>
              -->
    <act_window
      domain="[('partner_id', '=', active_id)]"
      id="act_partner_chricar_top_owner"
      name="Tops Owned"
      groups="chricar_top.group_real_estate"
      res_model="chricar.top"
      src_model="res.partner"
      view_mode="tree,form"
      view_type="form"/>
    <!--
        <wizard
            string="Make Case"
            model="chricar.top"
            name="chricar_top.make_case"
            keyword="client_action_multi"
            id="chricar_top_make_case_wizard"/>
-->
    <record model="ir.ui.view" id="view_partner_top_form">
      <field name="name">res.partner.top.form</field>
      <field name="model">res.partner</field>
      <field name="inherit_id" ref="base.view_partner_form"/>
      <field name="priority" eval="30"/>
      <field name="arch" type="xml">
        <notebook>
          <page string="Real Estate" groups="chricar_top.group_real_estate">
            <field name="lease_current_sum"/>
            <field name="lease_potential_sum"/>
            <field name="lease_current_participation_sum"/>
          </page>
        </notebook>
      </field>
    </record>

        <record id="view_location_realstate_tree" model="ir.ui.view">
            <field name="name">stock.location.realestate.tree</field>
            <field name="model">stock.location</field>
            <field name="type">tree</field>
            <field name="priority" eval="2"/>
            <field name="arch" type="xml">
                <tree string="Stock Location" >
                    <field name="complete_name"/>
                    <field name="operating_cost"/>
                    <field name="assessed_value"/>
                    <field name="assessed_value_increased"/>
                    <field name="assessed_date"/>
                </tree>
            </field>
        </record>

        <record id="action_location_realestate_form" model="ir.actions.act_window">
            <field name="name">Locations</field>
            <field name="res_model">stock.location</field>
            <field name="type">ir.actions.act_window</field>
            <field name="view_type">form</field>
            <field name="view_id" ref="view_location_realstate_tree"/>
            <field name="search_view_id" ref="stock.view_location_search"/>
            <field name="domain">[('top_ids', '!=', False)]</field>
        </record>

	<menuitem action="action_location_realestate_form" id="menu_action_location_realestate_form" parent="chricar_top.menu_chricar_real_estate" sequence="10"/>

    <!--
==============================================
Modification of Parents (only for matching table prefixes)
==============================================

-->
    <record id="view_location_form_blueprint" model="ir.ui.view">
      <field name="name">stock.location.form.blueprint</field>
      <field name="model">stock.location</field>
      <field name="type">form</field>
      <field name="inherit_id" ref="stock.view_location_form"/>
      <field name="arch" type="xml">
        <field name="comment" position="after">
          <notebook colspan="4">
            <page string="Comment">
               <field colspan="4" name="comment" nolabel="1"/>
            </page>
            <page string="Real Estate">
            <label string="Blueprint" colspan="2"/>
            <label string="Image" colspan="2"/>
            <field colspan="2" name="blueprint" nolabel="1" img_width="550" img_height="550" width="550" height="550" widget="image"/>
            <field colspan="2" name="image" nolabel="1" img_width="550" img_height="550" width="550" height="550" widget="image"/>
            </page>
            <page string="Tops">
               <field colspan="4" name="top_ids" nolabel="1"/>
            </page>
          </notebook>
        </field>
      </field>
    </record>
    <record id="view_location_form_blueprint2" model="ir.ui.view">
      <field name="name">stock.location.form.blueprint2</field>
      <field name="model">stock.location</field>
      <field name="type">form</field>
      <field name="inherit_id" ref="view_location_form_blueprint"/>
      <field name="arch" type="xml">
        <separator string="Additional Information" position="before">
         <separator colspan="4" string="Real Estate"/>
          <field name="assessed_value"/>
          <field name="assessed_date"/>
          <field name="assessed_value_increased"/>
          <newline/>
          <field name="operating_cost"/>
        </separator>
      </field>
    </record>

    <act_window
      id="act_top_2_helpdesk"
      name="Helpdesk Top"
      res_model="crm.helpdesk"
      src_model="chricar.top"
      view_mode="tree,form"
      view_type="form"/>
    <menuitem
      action="stock.action_location_form"
      id="menu_action_location_tree_chricar"
      parent="chricar_top.menu_chricar_real_estate"
      sequence="15"/>

</data>
</openerp>
