<?xml version="1.0" encoding="UTF-8"?>  
       
<templates id="template" xml:space="preserve">
    
    <!-- <t t-extend='ClientListScreenWidget'>
        <t t-jquery='.client-list thead tr' t-operation='append'>
            <th>Orders</th>
        </t>
    </t>
    <t t-extend='ClientLine'>
        <t t-jquery='.client-line' t-operation='append'>
            <td>
                <button class="view_all_order" t-att-id='partner.id'><i class="fa fa-filter"></i> View orders</button>
            </td>
        </t>
    </t> -->
    <t t-name="OrdersButtonWidget">
         <div class='control-button'>
            <i class='fa fa-star' />All orders
        </div>
    </t>

        <t t-name="OrdersScreenWidget">        
            <div class="clientlist-screen screen">
            <div class="screen-content">
                <section class="top-content">
                    <span class='button back'>
                        <i class='fa fa-angle-double-left'></i>
                        Cancel
                    </span>
                </section>
                <span class="searchbox">
                        <input placeholder="Search Orders" class="order_search"/>
                        <span class="search-clear"></span>
                    </span>
                <section class="full-content">
                    <div class='window'>
                        <section class='subwindow'>
                            <div class='subwindow-container'>
                                <div class='subwindow-container-fix touch-scrollable scrollable-y' style="background-color:Gray;overflow-y: scroll;max-height:550px;">
                                    <table class='client-list wk_order_list'>
                                        <thead>
                                            <tr>
                                                <th>Order Ref</th>
                                                <th>Customer</th>
                                                <th>Order Date</th>                                                
                                           </tr>
                                        </thead>
                                        <tbody class='wk-order-list-contents'>
                                        </tbody>
                                    </table>
                                </div>
                            </div>
                        </section>
                    </div>
                </section>
            </div>
        </div>
    </t>
    <t t-name="WkOrderLine"> 
        <tr class='wk-order-line' t-att-data-id='partner.id'>
            <td><t t-esc='partner.name' /></td>
            <td><t t-esc="partner.partner_id[1] || '-'" /></td>
            <td><t t-esc='partner.date_order' /></td>
        </tr>
    </t>
</templates>

    
