<?xml version="1.0" encoding="UTF-8"?>
<openerp>
    <data>

        <record model="ir.actions.act_window" id="actions_list_action">
            <field name="name">Action</field>
            <field name="res_model">disciplinary.action</field>
            <field name="view_type">form</field>
            <field name="view_mode">tree,form</field>
            <field name="help" type="html">
                <p class="oe_view_nocontent_create">Create the first disciplinary action
                </p>
            </field>
        </record>

        <menuitem id="disciplinary_menu" name="Disciplinary Actions"
                  parent="hr.menu_hr_root"/>
        <menuitem id="actions_menu" name="Action" parent="disciplinary_menu"
                  action="actions_list_action"/>

        <record model="ir.ui.view" id="actions_form_view">
            <field name="name">actions.form</field>
            <field name="model">disciplinary.action</field>
            <field name="arch" type="xml">
                <form string="Actions Form">
                    <sheet>
                        <group>
                            <group>
                            <field name="x_type"/>
                            <field name="x_revision"/>
                            <field name="x_employee"/>
                            <field name="x_advised_by"/>
                            <field name="x_reasons"/>
                            </group>
                            <group>
                            <field name="x_date" string="Issue Date"/>
                            </group>
                        </group>
                    </sheet>
                </form>
            </field>
        </record>

    </data>
</openerp>