<?xml version="1.0" encoding="UTF-8"?>
<openerp>
    <data>

        <record id="assets_form_view" model="ir.ui.view">
            <field name="model">asset.asset</field>
            <field name="inherit_id" ref="asset.assets_form_view"/>
            <field name="view_type">form</field>
            <field name="arch" type="xml">
                <field name="user_id" position="replace">
                <field name="x_employee_id"/>
                <field name="x_asset_type"/>
                </field>
                <field name="active" position="after">
                <field name="x_issue_date"/>
                </field>
            </field>
        </record>

        <record id="assets_tree_view" model="ir.ui.view">
            <field name="model">asset.asset</field>
            <field name="inherit_id" ref="asset.assets_tree_view"/>
            <field name="view_type">tree</field>
            <field name="arch" type="xml">
                <field name="user_id" position="replace">
                <field name="x_employee_id"/>
                </field>
            </field>
        </record>

    </data>
</openerp>