<?xml version="1.0" ?>
    <openerp>
        <data>

            <!-- Lab Units Management -->

            <record id="view_oeh_medical_lab_units_filter" model="ir.ui.view">
                <field name="name">Lab Units</field>
                <field name="model">oeh.medical.lab.units</field>
                <field name="type">search</field>
                <field name="arch" type="xml">
                    <search string="Search Units">
                        <separator orientation="vertical"/>
                            <field name="name" select="1"/>
                            <field name="code" select="1"/>
                    </search>
                </field>
            </record>

            <record model="ir.ui.view" id="oeh_medical_lab_units_tree">
                <field name="name">Lab Units</field>
                <field name="model">oeh.medical.lab.units</field>
                <field name="type">tree</field>
                <field name="arch" type="xml">
                    <tree string='Lab Units' editable="bottom">
                        <field name="name"/>
                        <field name="code"/>
                    </tree>
                </field>
            </record>

            <record id="oeh_medical_lab_units_action_tree" model="ir.actions.act_window">
                    <field name="name">Lab Units</field>
                    <field name="res_model">oeh.medical.lab.units</field>
                    <field name="view_type">form</field>
                    <field name="view_mode">tree,form</field>
                    <field name="domain">[]</field>
                    <field name="context">{}</field>
                    <field name="view_id" eval="False"/>
                    <field name="help" type="html">
                      <p class="oe_view_nocontent_create">
                        Click to add a new lab test units.
                      </p>
                    </field>
            </record>

            <menuitem action="oeh_medical_lab_units_action_tree" id="oeh_medical_lab_units_conf_list" parent="oeh_medical_conf_laboratory" sequence="1"/>


            <!-- Lab Test Types Management -->

            <record id="view_oeh_medical_lab_test_types_filter" model="ir.ui.view">
                <field name="name">Lab Test Types</field>
                <field name="model">oeh.medical.labtest.types</field>
                <field name="type">search</field>
                <field name="arch" type="xml">
                    <search string="Search Test Types">
                        <separator orientation="vertical"/>
                            <field name="name" select="1"/>
                            <field name="code" select="1"/>
                    </search>
                </field>
            </record>

            <record model="ir.ui.view" id="oeh_medical_lab_test_types_tree">
                <field name="name">Lab Test Types</field>
                <field name="model">oeh.medical.labtest.types</field>
                <field name="type">tree</field>
                <field name="arch" type="xml">
                    <tree string='Lab Test Types'>
                        <field name="name"/>
                        <field name="code"/>
                        <field name="test_charge"/>
                    </tree>
                </field>
            </record>

            <record model="ir.ui.view" id="oeh_medical_lab_test_types_form">
                <field name="name">Lab Test Types</field>
                <field name="model">oeh.medical.labtest.types</field>
                <field name="type">form</field>
                <field name="arch" type="xml">
                    <form string="Lab Test Types">
                        <sheet>
                            <div class="oe_left" style="width: 500px;">
                                <div class="oe_title" style="width: 390px;">
                                    <label class="oe_edit_only" for="name"/>
                                    <h1><field name="name" class="oe_inline"/></h1>
                                </div>
                            </div>
                            <group>
                                <group>
                                    <field name="code" required="1"/>
                                </group>
                                <group>
                                    <field name="test_charge" required="1"/>
                                </group>
                            </group>
                            <notebook>
                                <page string="Lab Test Cases">
                                    <group>
                                        <field name="lab_criteria" nolabel="1">
                                            <tree string="Lab Test Cases" editable="bottom">
                                                <field name="sequence" required="1"/>
                                                <field name="name"/>
                                                <field name="normal_range"/>
                                                <field name="units"/>
                                            </tree>
                                        </field>
                                    </group>
                                </page>
                                <page string="Extra Info">
                                    <group>
                                        <field name="info" nolabel="1"/>
                                    </group>
                                </page>
                            </notebook>
                        </sheet>
                    </form>
                </field>
            </record>

            <record id="oeh_medical_lab_test_types_action_tree" model="ir.actions.act_window">
                    <field name="name">Lab Test Types</field>
                    <field name="res_model">oeh.medical.labtest.types</field>
                    <field name="view_type">form</field>
                    <field name="view_mode">tree,form</field>
                    <field name="domain">[]</field>
                    <field name="context">{}</field>
                    <field name="view_id" eval="False"/>
                    <field name="help" type="html">
                      <p class="oe_view_nocontent_create">
                        Click to add a new lab test types.
                      </p>
                    </field>
            </record>

            <menuitem action="oeh_medical_lab_test_types_action_tree" id="oeh_medical_lab_test_types_conf_list" parent="oeh_medical_conf_laboratory" sequence="2"/>

            <!-- Lab Tests -->

            <record id="view_oeh_medical_lab_test_filter" model="ir.ui.view">
                <field name="name">Lab Tests</field>
                <field name="model">oeh.medical.lab.test</field>
                <field name="type">search</field>
                <field name="arch" type="xml">
                    <search string="Search Tests">
                        <separator orientation="vertical"/>
                            <field name="name" select="1"/>
                            <field name="results" select="1"/>
                            <field name="diagnosis" select="1"/>
                        <newline/>
                        <group expand="0" string="Group By..." colspan="11" col="11">
                            <filter string="Patient" icon="terp-personal" domain="[]" context="{'group_by':'patient'}"/>
                            <filter string="Pathologist" icon="terp-personal" domain="[]" context="{'group_by':'pathologist'}"/>
                            <filter string="Test Type" icon="terp-personal" domain="[]" context="{'group_by':'test_type'}"/>
                            <filter string="State" icon="terp-personal" domain="[]" context="{'group_by':'state'}"/>
                        </group>
                    </search>
                </field>
            </record>

            <record model="ir.ui.view" id="oeh_medical_lab_test_tree">
                <field name="name">Lab Tests</field>
                <field name="model">oeh.medical.lab.test</field>
                <field name="type">tree</field>
                <field name="arch" type="xml">
                    <tree string='Lab Tests' colors="grey:state=='Invoiced';blue:state=='Test In Progress';green:state=='Completed';red:state=='Cancelled'">
                        <field name="name"/>
                        <field name="test_type"/>
                        <field name="patient"/>
                        <field name="pathologist"/>
                        <field name="requestor"/>
                        <field name="date_requested"/>
                        <field name="date_analysis"/>
                        <field name="state"/>
                    </tree>
                </field>
            </record>

            <record model="ir.ui.view" id="oeh_medical_lab_test_form">
                <field name="name">Lab Tests</field>
                <field name="model">oeh.medical.lab.test</field>
                <field name="type">form</field>
                <field name="arch" type="xml">
                    <form string="Lab Tests">
                        <header>
                            <button confirm="Are you sure you want to start the test?" name="set_to_test_inprogress" states="Draft" string="Start Test" type="object" class="oe_highlight" groups="oehealth.group_oeh_medical_physician,oehealth.group_oeh_medical_manager"/>
                            <button confirm="Are you sure you want to complete the test?" name="set_to_test_complete" states="Test In Progress" string="Complete Test" type="object" class="oe_highlight" groups="oehealth.group_oeh_medical_physician,oehealth.group_oeh_medical_manager"/>
                            <button confirm="Are you sure you want to create the invoice?" name="action_lab_invoice_create" states="Completed" string="Create Lab Test Invoice" type="object" class="oe_highlight" groups="oehealth.group_oeh_medical_physician,oehealth.group_oeh_medical_manager"/>
                            <button name="print_patient_labtest" states="Test In Progress,Completed,Invoiced" string="Print Lab Test" type="object" class="oe_highlight" groups="oehealth.group_oeh_medical_physician,oehealth.group_oeh_medical_manager"/>
                            <field name="state" widget="statusbar" statusbar_visible="Draft,Test In Progress,Completed,Invoiced" statusbar_colors='{"Completed":"blue","Test In Progress":"red","Invoiced":"grey"}'/>
                        </header>
                        <sheet>
                            <div class="oe_left" style="width: 500px;">
                                <div class="oe_title" style="width: 390px;">
                                    <label class="oe_edit_only" for="name"/>
                                    <h1><field name="name" class="oe_inline"/></h1>
                                    <label for="test_type" class="oe_edit_only"/>
                                    <field name="test_type" on_change="onchange_test_type_id(test_type)"/>
                                </div>
                            </div>
                            <group>
                                <group>
                                    <field name="patient" options="{'no_create': True}"/>
                                    <field name="date_requested"/>
                                    <field name="requestor" options="{'no_create': True}"/>
                                </group>
                                <group>
                                    <field name="pathologist" options="{'no_create': True}"/>
                                    <field name="date_analysis"/>
                                </group>
                            </group>
                            <notebook>
                                <page string="Lab Test Cases">
                                    <group>
                                        <field name="lab_test_criteria" nolabel="1">
                                            <tree string="Lab Test Cases" editable="bottom">
                                                <field name="sequence" required="1"/>
                                                <field name="name"/>
                                                <field name="result"/>
                                                <field name="normal_range"/>
                                                <field name="units"/>
                                            </tree>
                                        </field>
                                    </group>
                                </page>
                                <page string="Test Results">
                                    <group>
                                        <field name="results"/>
                                    </group>
                                    <group>
                                        <field name="diagnosis"/>
                                    </group>
                                </page>
                            </notebook>
                        </sheet>
                    </form>
                </field>
            </record>

            <record id="oeh_medical_lab_test_action_tree" model="ir.actions.act_window">
                    <field name="name">Lab Tests</field>
                    <field name="res_model">oeh.medical.lab.test</field>
                    <field name="view_type">form</field>
                    <field name="view_mode">tree,form</field>
                    <field name="domain">[]</field>
                    <field name="context">{}</field>
                    <field name="view_id" eval="False"/>
                    <field name="help" type="html">
                      <p class="oe_view_nocontent_create">
                        Click to add a new lab tests.
                      </p>
                    </field>
            </record>

            <menuitem action="oeh_medical_lab_test_action_tree" id="oeh_medical_lab_test_conf_list" parent="oeh_medical_laboratory_menu" sequence="5"/>


            <!-- Inheriting Lab screen to display patient's labtest reference -->

            <record id="oeh_medical_patient_lab_view" model="ir.ui.view">
                <field name="name">Patient</field>
                <field name="model">oeh.medical.patient</field>
                <field name="inherit_id" ref="oehealth.oeh_medical_patient_view"/>
                <field name="arch" type="xml">
                    <notebook position="inside">
                        <page string="Lab Tests">
                            <field name="lab_test_ids" readonly="1">
                                <tree string='Lab Tests' colors="grey:state=='Invoiced';blue:state=='Test In Progress';green:state=='Completed';red:state=='Cancelled'">
                                    <field name="name"/>
                                    <field name="test_type"/>
                                    <field name="pathologist"/>
                                    <field name="requestor"/>
                                    <field name="date_requested"/>
                                    <field name="date_analysis"/>
                                    <field name="state"/>
                                    <field name="patient" invisible="1"/>
                                </tree>
                            </field>
                        </page>
                    </notebook>
                </field>
            </record>

        </data>
    </openerp>