<?xml version="1.0" encoding="UTF-8"?>
<openerp>
    <data>


        <record id="event_data_form_view" model="ir.ui.view">
            <field name="model">event.event</field>
            <field name="inherit_id" ref="event.view_event_form"/>
            <field name="view_type">form</field>
            <field name="arch" type="xml">
                <xpath expr="//page[@string='Event Details']" position="after">
                    <page string="Site Detail">
                        <field name="x_site_detail" colspan="4" nolabel="1" context="{'event_id': active_id}">
                                    <tree string="Site Details" editable="top">
                                        <field name="x_department_id" string="Department"/>
                                        <field name="x_no_of_attendees" string="Attendees"/>
                                    </tree>
                                </field>
                    </page>
                </xpath>
            </field>
        </record>

    </data>
</openerp>