<?xml version="1.0" encoding="utf-8"?>
<openerp>
    <data>


        <template id="chaeckout_hide" inherit_id="website_sale.checkout" customize_show="True" name="Checkout Hide">
                <xpath expr="//t[@t-call='website_sale.total']" position="replace">

                         <p> </p>

            </xpath>
        </template>

        <template id="payment_hide" inherit_id="website_sale.payment" customize_show="True" name="Payment Hide">
            <xpath expr="//t[@t-call='website_sale.total']" position="replace">
                <p> </p>
            </xpath>
            <xpath expr="//td[@class='text-center']" position="replace">
                <td class="text-center" id="td-weight" name="weight">
                         <p>Ask for price</p>
                        </td>
            </xpath>
        </template>



        <template id="suggested_products_list" inherit_id="website_sale.cart_lines" customize_show="True" name="Suggested Products in my cart">


             <xpath expr="//td[@id='td-price']" position="replace">
                   <td class="text-center" id="td-weight" name="weight">
                         <p>Ask for price</p>
                        </td>
            </xpath>
              <xpath expr="//t[@t-call='website_sale.total']" position="replace">
                 <p> </p>
            </xpath>

        </template>

            <template id="product_fields" inherit_id="website_sale.product" customize_show="True" name="Product Fields">

            <xpath expr="//t[@t-call='website_sale.product_price']" position="replace">
                <p>Ask for price</p>
            </xpath>

         </template>



    </data>
</openerp>
