<?xml version="1.0" encoding="utf-8"?>
<openerp>
    <data>

        <record id="view_department_form_add_code" model="ir.ui.view">
            <field name="name">hr.department.form</field>
            <field name="model">hr.department</field>
            <field name="inherit_id" ref="hr.view_department_form"/>
            <field name="arch" type="xml">
                <field name="name" position="after">
                    <field name="ref"/>
                </field>
            </field>
        </record>

        <record id="view_employee_form_add_code" model="ir.ui.view">
            <field name="name">hr.employee.form</field>
            <field name="model">hr.employee</field>
            <field name="inherit_id" ref="hr.view_employee_form"/>
            <field name="arch" type="xml">
                <field name="department_id" position="after">
                    <field name="code"/>
                </field>
            </field>
        </record>

    </data>
</openerp>
