<?xml version="1.0" encoding="UTF-8"?>
<openerp>
    <data>

        <record id="jobs_recruitment_form_view" model="ir.ui.view">
            <field name="model">hr.applicant</field>
            <field name="inherit_id" ref="hr_recruitment.crm_case_form_view_job"/>
            <field name="view_type">form</field>
            <field name="arch" type="xml">
               <group>
                   <group string="Personal Information">
                    <field name="x_spouse_name" string="Spouse Name"/>
                    <field name="x_father_name" string="Father Name"/>
                    <field name="x_date_o_b" string="Date of Birth"/>
                    <field name="x_gender" string="Gender"/>
                    <field name="x_marital_status" string="Marital Status"/>
                    </group>

                    <group string="Professional Experience">
                    <field name="x_organization" string="Organization"/>
                    <label for="x_experience_in_year"/>
                        <div>
                            <field name="x_experience_in_year" class="oe_inline"/> <label string="Year(s)" class="oe_inline"/>
                        </div>
                    <field name="x_designation" string="Designation"/>
                    <label for="x_total_experience"/>
                        <div>
                            <field name="x_total_experience" class="oe_inline"/> <label string="Year(s)" class="oe_inline"/>
                        </div>
                    </group>
               </group>
            </field>
        </record>

        <record id="partner_data_form_view" model="ir.ui.view">
            <field name="model">res.partner</field>
            <field name="inherit_id" ref="base.view_partner_form"/>
            <field name="view_type">form</field>
            <field name="arch" type="xml">
                <field name="street2" position="after">
                    <field name="x_district" placeholder="District/Agency"/>
                    <field name="x_tehsil" placeholder="Tehsil"/>
                    <field name="x_uc" placeholder="UC"/>
                    <field name="x_area" placeholder="Area"/>
                    <field name="x_sub_area" placeholder="Sub Area"/>
                </field>
            </field>
        </record>

    </data>
</openerp>