<openerp>
    <data>
        <record id="hr_holidays_reminders_edit_holiday_new" model="ir.ui.view">
            <field name="name">hr_holidays_reminders_edit_holiday_new</field>
            <field name="model">hr.holidays</field>
            <field name="inherit_id" ref="hr_holidays.edit_holiday_new"/>
            <field name="arch" type="xml">
                <field name="holiday_status_id" position="after">
                    <field name="deadline_decision"/>                
                </field>
            </field>
        </record>

        <record model="ir.ui.view" id="hr_holidays_reminders_view_holiday">
            <field name="name">hr_holidays_reminders_view_holiday</field>
            <field name="model">hr.holidays</field>
            <field name="inherit_id" ref="hr_holidays.view_holiday"/>
            <field name="arch" type="xml">
                <field name="state" position="before">
                    <field name="deadline_decision"/>
                </field>

                <field name="holiday_status_id" position="replace"/>
                <field name="name" position="before">
                    <field name="holiday_status_id" invisible="0"/>
                </field>

                <xpath expr="//tree[@string='Leave Requests']" position="attributes">
                    <attribute name="colors">orange:state in ('confirm','validate','validate1') and deadline_decision != False;red:state == 'refuse';blue:state == ' draft';black:state in ('confirm','validate','validate1')</attribute>
                </xpath>
            </field>
        </record>






        <record model="ir.ui.view" id="hr_holidays_reminders_edit_holiday_new">
            <field name="name">hr_holidays_reminders_edit_holiday_new</field>
            <field name="model">hr.holidays</field>
            <field name="inherit_id" ref="hr_holidays.edit_holiday_new"/>
            <field name="arch" type="xml">
                <field name="holiday_status_id" position="after">
                    <field name="deadline_decision"/>                
                </field>
            </field>
        </record>


        <record model="ir.ui.view" id="hr_holidays_reminders_view_holiday_allocation_tree">
            <field name="name">hr_holidays_reminders_view_holiday_allocation_tree</field>
            <field name="model">hr.holidays</field>
            <field name="inherit_id" ref="hr_holidays.view_holiday_allocation_tree"/>
            <field name="arch" type="xml">
                <field name="state" position="before">
                    <field name="deadline_decision"/>
                </field>

                <xpath expr="//tree[@string='Allocation Requests']" position="attributes">
                    <attribute name="colors">orange:state in ('confirm','validate','validate1') and deadline_decision != False;red:state == 'refuse';blue:state == 'draft';black:state in ('confirm','validate','validate1')</attribute>
                </xpath>
            </field>
        </record>


    </data>
</openerp>
